time,tavg,tmin,tmax,prcp,snow,wdir,wspd,wpgt,pres,tsun
2020-01-15,27.2,23.0,34.0,,,,8.8,,1010.1,
2020-01-16,27.3,23.0,33.0,,,,7.4,,1010.5,
2020-01-17,27.7,,,,,,8.2,,1010.5,
2020-01-18,28.2,23.0,33.0,,,,5.0,,1009.8,
2020-01-19,29.6,24.0,34.0,,,,8.2,,1010.2,
2020-01-20,29.1,25.0,35.0,,,,7.1,,1011.5,
2020-01-21,29.1,24.0,36.0,,,,6.9,,1011.6,
2020-01-22,28.7,23.0,35.0,,,,7.9,,1011.4,
2020-01-23,29.4,24.0,35.0,,,,8.5,,1010.3,
2020-01-24,29.0,24.0,36.0,,,,6.4,,1010.5,
2020-01-25,28.0,22.0,35.0,,,,5.5,,1011.5,
2020-01-26,27.2,21.0,34.0,,,,7.5,,1011.2,
2020-01-27,27.2,22.0,33.0,,,,8.0,,1011.5,
2020-01-28,28.2,24.0,34.0,,,,8.1,,1011.6,
2020-01-29,28.3,23.0,34.0,,,,9.8,,1011.8,
2020-01-30,28.5,24.0,34.0,,,,8.0,,1011.3,
2020-01-31,28.5,24.0,35.0,,,,9.9,,1010.1,
2020-02-01,28.5,24.0,34.0,,,,7.9,,1010.5,
2020-02-02,27.8,24.0,33.0,,,,8.3,,1012.2,
2020-02-03,27.6,22.0,34.0,,,,9.0,,1012.1,
2020-02-04,28.1,23.0,35.0,,,,6.9,,1011.0,
2020-02-05,28.5,23.0,35.0,,,,6.6,,1011.2,
2020-02-06,28.8,25.0,34.0,,,,8.7,,1011.4,
2020-02-07,28.5,26.0,33.0,,,,9.0,,1012.0,
2020-02-08,28.2,24.0,34.0,,,,8.3,,1012.5,
2020-02-09,28.8,24.0,36.0,,,,7.6,,1011.3,
2020-02-10,29.2,24.0,36.0,,,,6.8,,1010.5,
2020-02-11,29.0,23.0,36.0,,,,7.4,,1010.2,
2020-02-12,29.2,22.0,37.0,,,,4.8,,1011.8,
2020-02-13,29.5,24.0,35.0,,,,7.5,,1012.0,
2020-02-14,29.3,25.0,35.0,,,,7.8,,1010.9,
2020-02-15,29.0,25.0,34.0,,,,8.4,,1010.8,
2020-02-16,29.7,27.0,35.0,,,,8.4,,1011.2,
2020-02-17,29.5,24.0,36.0,,,,8.1,,1011.4,
2020-02-18,28.5,23.0,35.0,,,,6.9,,1011.7,
2020-02-19,27.9,23.0,35.0,,,,7.4,,1011.4,
2020-02-20,28.0,22.0,36.0,,,,6.6,,1010.5,
2020-02-21,28.5,21.0,36.0,,,,7.5,,1011.5,
2020-02-22,30.1,,,,,,7.8,,1011.9,
2020-02-23,29.9,26.0,35.0,,,,7.7,,1011.6,
2020-02-24,29.2,24.0,36.0,,,,6.6,,1009.8,
2020-02-25,29.3,25.0,35.0,,,,6.8,,1009.6,
2020-02-26,29.3,25.0,36.0,,,,7.0,,1009.5,
2020-02-27,29.9,27.0,35.0,,,,6.8,,1009.6,
2020-02-28,29.3,26.0,35.0,,,,8.2,,1008.5,
2020-02-29,29.0,26.0,34.0,,,,8.0,,1009.2,
2020-03-01,29.5,25.0,35.0,,,,8.2,,1009.4,
2020-03-02,29.3,26.0,34.0,,,,8.4,,1010.4,
2020-03-03,29.4,26.0,34.0,,,,7.7,,1010.7,
2020-03-04,29.6,26.0,34.0,,,,9.1,,1010.0,
2020-03-05,29.0,26.0,33.0,,,,9.6,,1009.5,
2020-03-06,29.9,,,,,,9.2,,1009.8,
2020-03-07,29.6,26.0,34.0,,,,7.8,,1011.0,
2020-03-08,29.8,26.0,35.0,,,,8.2,,1010.2,
2020-03-09,29.8,27.0,35.0,,,,9.1,,1009.2,
2020-03-10,29.8,26.0,35.0,,,,10.1,,1009.3,
2020-03-11,30.5,27.0,35.0,,,,9.3,,1010.1,
2020-03-12,30.2,26.0,35.0,,,,10.9,,1010.9,
2020-03-13,30.5,26.0,36.0,,,,11.3,,1010.6,
2020-03-14,30.0,25.0,36.0,,,,7.7,,1009.7,
2020-03-15,30.1,25.0,36.0,,,,8.1,,1009.1,
2020-03-16,30.6,26.0,35.0,,,,7.5,,1010.2,
2020-03-17,30.9,26.0,38.0,,,,7.8,,1010.9,
2020-03-18,30.8,26.0,37.0,,,,9.0,,1010.7,
2020-03-19,29.8,26.0,36.0,,,,10.0,,1011.0,
2020-03-20,29.6,25.0,35.0,,,,9.4,,1010.9,
2020-03-21,29.5,26.0,35.0,,,,9.3,,1010.3,
2020-03-22,29.8,26.0,35.0,,,,10.3,,1010.5,
2020-03-23,29.9,27.0,35.0,,,,7.9,,1009.9,
2020-03-24,29.8,25.0,35.0,,,,7.7,,1008.3,
2020-03-25,29.3,27.0,34.0,,,,7.1,,1008.5,
2020-03-26,29.5,25.0,35.0,,,,7.1,,1008.4,
2020-03-27,30.3,26.0,35.0,,,,7.7,,1010.3,
2020-03-28,30.4,26.0,36.0,,,,8.8,,1009.6,
2020-03-29,30.5,27.0,35.0,,,,8.0,,1009.0,
2020-03-30,30.9,27.0,36.0,,,,8.8,,1009.1,
2020-03-31,31.0,27.0,37.0,,,,8.7,,1009.2,
2020-04-01,30.8,26.0,37.0,,,,7.0,,1009.0,
2020-04-02,30.9,27.0,36.0,,,,7.2,,1008.5,
2020-04-03,31.1,,,,,,7.8,,1008.9,
2020-04-04,31.0,27.0,36.0,,,,7.7,,1009.7,
2020-04-05,29.2,24.0,34.0,,,,8.7,,1011.2,
2020-04-06,28.8,,,,,,9.2,,1011.1,
2020-04-07,27.4,25.0,30.0,,,,8.8,,1011.0,
2020-04-08,28.7,,,,,,9.3,,1011.1,
2020-04-09,28.1,,,,,,9.8,,1010.1,
2020-04-10,30.1,,,,,,6.6,,1009.8,
2020-04-11,30.4,26.0,36.0,,,,7.3,,1010.7,
2020-04-12,30.8,27.0,35.0,,,,7.9,,1010.2,
2020-04-13,30.5,27.0,35.0,,,,7.9,,1009.0,
2020-04-14,30.9,,,,,,7.0,,1008.9,
2020-04-15,28.4,,,,,,7.9,,1010.5,
2020-04-16,28.8,25.0,35.0,,,,10.2,,1009.8,
2020-04-17,30.4,,,,,,8.5,,1008.9,
2020-04-18,30.7,27.0,34.0,,,,7.2,,1009.4,
2020-04-19,29.5,,,,,,7.7,,1008.5,
2020-04-20,30.0,,,,,,7.1,,1008.3,
2020-04-21,29.0,24.0,35.0,,,,9.5,,1009.0,
2020-04-22,28.4,,,,,,,,1009.2,
2020-04-23,,,,,,,,,,
2020-04-24,29.2,27.0,34.0,,,,7.4,,1008.9,
2020-04-25,30.4,,,,,,8.4,,1008.5,
2020-04-26,28.1,,,,,,6.6,,1009.0,
2020-04-27,29.6,25.0,35.0,,,,7.8,,1009.8,
2020-04-28,29.7,,,,,,8.9,,1008.8,
2020-04-29,28.9,25.0,34.0,,,,6.8,,1009.5,
2020-04-30,29.1,,,,,,7.3,,1009.6,
2020-05-01,,,,,,,,,,
2020-05-02,,,,,,,,,,
2020-05-03,,,,,,,,,,
2020-05-04,30.9,28.0,35.0,,,,8.5,,1008.5,
2020-05-05,29.8,27.0,35.0,,,,7.2,,1008.0,
2020-05-06,28.5,23.0,35.0,,,,6.7,,1008.0,
2020-05-07,28.8,,,,,,5.4,,1008.1,
2020-05-08,29.5,,,,,,5.8,,1008.4,
2020-05-09,29.3,,,,,,6.7,,1007.6,
2020-05-10,30.2,27.0,34.0,,,,6.8,,1007.6,
2020-05-11,28.1,23.0,34.0,,,,6.5,,1007.8,
2020-05-12,29.6,,,,,,6.9,,1006.9,
2020-05-13,28.1,,,,,,6.6,,1007.2,
2020-05-14,28.3,25.0,35.0,,,,6.0,,1006.1,
2020-05-15,29.4,,,,,,7.1,,1005.8,
2020-05-16,28.9,26.0,32.0,,,,8.0,,1005.9,
2020-05-17,28.8,,,,,,7.9,,1005.0,
2020-05-18,26.7,25.0,30.0,,,,3.9,,1005.7,
2020-05-19,26.9,,,,,,6.1,,1005.7,
2020-05-20,,,,,,,,,,
2020-05-21,29.0,,,,,,7.4,,1007.2,
2020-05-22,29.5,,,,,,6.6,,1007.2,
2020-05-23,30.5,,,,,,7.9,,1007.3,
2020-05-24,30.2,,,,,,8.6,,1008.0,
2020-05-25,29.8,,,,,,8.2,,1008.6,
2020-05-26,29.7,27.0,34.0,,,,6.9,,1008.6,
2020-05-27,29.3,,,,,,6.2,,1008.3,
2020-05-28,27.7,25.0,33.0,,,,7.5,,1007.8,
2020-05-29,28.9,25.0,33.0,,,,4.8,,1007.7,
2020-05-30,28.8,27.0,32.0,,,,7.3,,1007.8,
2020-05-31,29.2,26.0,33.0,,,,9.0,,1008.8,
2020-06-01,28.3,26.0,32.0,,,,9.5,,1009.8,
2020-06-02,26.8,,,,,,6.6,,1010.3,
2020-06-03,27.9,,,,,,8.5,,1009.3,
2020-06-04,27.7,,,,,,8.8,,1008.8,
2020-06-05,27.7,,,,,,5.1,,1009.0,
2020-06-06,26.6,,,,,,4.8,,1009.4,
2020-06-07,26.7,,,,,,7.4,,1009.0,
2020-06-08,28.5,25.0,33.0,,,,8.0,,1007.8,
2020-06-09,28.2,26.0,32.0,,,,5.5,,1007.8,
2020-06-10,27.9,25.0,32.0,,,,7.9,,1007.0,
2020-06-11,26.6,,,,,,3.8,,1006.4,
2020-06-12,26.2,24.0,29.0,,,,4.8,,1005.7,
2020-06-13,27.0,25.0,32.0,,,,7.3,,1006.2,
2020-06-14,26.8,24.0,31.0,,,,6.3,,1008.1,
2020-06-15,28.7,25.0,33.0,,,,7.1,,1007.3,
2020-06-16,27.5,24.0,31.0,,,,8.0,,1006.8,
2020-06-17,27.5,,,,,,7.2,,1007.1,
2020-06-18,27.0,,,,,,8.0,,1008.7,
2020-06-19,26.3,24.0,30.0,,,,5.4,,1009.2,
2020-06-20,27.7,24.0,32.0,,,,7.1,,1008.8,
2020-06-21,25.5,24.0,28.0,,,,4.7,,1008.2,
2020-06-22,25.8,24.0,30.0,,,,6.7,,1007.4,
2020-06-23,27.4,24.0,31.0,,,,3.4,,1007.2,
2020-06-24,28.6,26.0,32.0,,,,7.3,,1007.2,
2020-06-25,27.4,24.0,32.0,,,,8.1,,1005.9,
2020-06-26,26.0,24.0,29.0,,,,7.4,,1006.0,
2020-06-27,26.7,24.0,30.0,,,,8.9,,1006.8,
2020-06-28,27.4,26.0,31.0,,,,3.2,,1006.5,
2020-06-29,27.0,25.0,31.0,,,,5.8,,1006.0,
2020-06-30,27.5,24.0,32.0,,,,8.9,,1006.2,
2020-07-01,27.6,25.0,31.0,,,,7.2,,1007.0,
2020-07-02,26.8,25.0,31.0,,,,7.9,,1007.1,
2020-07-03,25.4,24.0,28.0,,,,4.8,,1007.5,
2020-07-04,26.5,25.0,29.0,,,,4.0,,1006.6,
2020-07-05,27.3,24.0,30.0,,,,7.1,,1006.4,
2020-07-06,27.1,24.0,31.0,,,,8.2,,1006.5,
2020-07-07,26.2,,,,,,7.8,,1007.9,
2020-07-08,26.8,24.0,30.0,,,,5.6,,1008.5,
2020-07-09,26.0,25.0,29.0,,,,6.9,,1007.7,
2020-07-10,27.2,24.0,32.0,,,,8.3,,1008.0,
2020-07-11,28.0,25.0,32.0,,,,6.9,,1007.7,
2020-07-12,27.8,25.0,31.0,,,,10.4,,1007.2,
2020-07-13,27.3,25.0,30.0,,,,6.7,,1006.7,
2020-07-14,28.3,25.0,32.0,,,,9.2,,1006.2,
2020-07-15,27.5,,,,,,6.3,,1006.3,
2020-07-16,25.7,,,,,,4.6,,1006.1,
2020-07-17,26.1,24.0,29.0,,,,7.8,,1006.8,
2020-07-18,,,,,,,,,,
2020-07-19,27.2,24.0,31.0,,,,5.4,,1006.8,
2020-07-20,27.6,,,,,,7.7,,1006.1,
2020-07-21,28.1,23.0,33.0,,,,8.1,,1006.2,
2020-07-22,28.3,26.0,33.0,,,,9.0,,1006.5,
2020-07-23,27.7,,,,,,5.9,,1006.3,
2020-07-24,26.6,25.0,31.0,,,,7.0,,1007.8,
2020-07-25,27.8,25.0,32.0,,,,6.0,,1008.8,
2020-07-26,27.8,26.0,31.0,,,,5.2,,1010.3,
2020-07-27,28.4,25.0,32.0,,,,7.9,,1009.2,
2020-07-28,27.6,26.0,30.0,,,,7.4,,1007.5,
2020-07-29,24.4,24.0,26.0,,,,7.6,,1007.2,
2020-07-30,26.0,24.0,30.0,,,,8.3,,1007.3,
2020-07-31,26.4,25.0,30.0,,,,9.3,,1006.9,
2020-08-01,26.5,24.0,30.0,,,,6.5,,1007.7,
2020-08-02,25.6,24.0,29.0,,,,8.2,,1008.4,
2020-08-03,26.2,24.0,30.0,,,,10.8,,1007.0,
2020-08-04,26.6,25.0,29.0,,,,6.8,,1006.0,
2020-08-05,27.0,,,,,,9.6,,1005.2,
2020-08-06,26.8,25.0,30.0,,,,7.0,,1005.7,
2020-08-07,24.9,24.0,26.0,,,,10.1,,1008.5,
2020-08-08,25.0,23.0,28.0,,,,9.8,,1008.9,
2020-08-09,24.4,23.0,26.0,,,,5.1,,1008.5,
2020-08-10,25.1,24.0,27.0,,,,2.6,,1008.4,
2020-08-11,26.3,25.0,29.0,,,,4.8,,1009.4,
2020-08-12,27.2,,,,,,7.9,,1010.2,
2020-08-13,27.3,25.0,30.0,,,,8.4,,1008.4,
2020-08-14,27.4,25.0,31.0,,,,6.7,,1007.3,
2020-08-15,27.6,,,,,,7.6,,1007.7,
2020-08-16,,,,,,,,,,
2020-08-17,27.7,,,,,,8.1,,1007.6,
2020-08-18,27.8,25.0,31.0,,,,7.6,,1008.0,
2020-08-19,27.9,25.0,31.0,,,,7.6,,1006.9,
2020-08-20,27.7,25.0,31.0,,,,8.2,,1007.0,
2020-08-21,28.2,25.0,32.0,,,,8.6,,1008.4,
2020-08-22,28.4,,,,,,9.1,,1008.9,
2020-08-23,26.4,,,,,,5.7,,1009.0,
2020-08-24,28.4,25.0,32.0,,,,8.2,,1008.9,
2020-08-25,28.7,26.0,32.0,,,,8.1,,1009.6,
2020-08-26,28.2,,,,,,9.3,,1009.5,
2020-08-27,28.2,25.0,32.0,,,,7.8,,1008.8,
2020-08-28,28.2,25.0,32.0,,,,8.4,,1008.1,
2020-08-29,28.1,24.0,32.0,,,,7.5,,1008.2,
2020-08-30,,,,,,,,,,
2020-08-31,28.7,25.0,33.0,,,,9.5,,1008.3,
2020-09-01,28.0,25.0,32.0,,,,10.8,,1008.4,
2020-09-02,26.2,24.0,32.0,,,,7.2,,1007.4,
2020-09-03,27.2,24.0,32.0,,,,6.2,,1006.8,
2020-09-04,28.0,,,,,,7.2,,1006.4,
2020-09-05,27.6,25.0,32.0,,,,8.2,,1006.0,
2020-09-06,25.6,23.0,30.0,,,,8.7,,1007.0,
2020-09-07,25.5,23.0,28.0,,,,9.0,,1008.9,
2020-09-08,26.5,25.0,30.0,,,,7.8,,1007.9,
2020-09-09,,,,,,,,,,
2020-09-10,,,,,,,,,,
2020-09-11,24.6,,,,,,11.7,,1008.1,
2020-09-12,24.5,24.0,28.0,,,,8.1,,1009.9,
2020-09-13,24.9,24.0,26.0,,,,4.2,,1009.8,
2020-09-14,26.0,24.0,29.0,,,,6.2,,1008.8,
2020-09-15,26.9,25.0,31.0,,,,9.3,,1008.2,
2020-09-16,26.3,25.0,30.0,,,,7.4,,1008.5,
2020-09-17,25.6,25.0,28.0,,,,7.2,,1009.2,
2020-09-18,26.5,24.0,29.0,,,,7.0,,1008.1,
2020-09-19,24.9,24.0,27.0,,,,7.2,,1007.3,
2020-09-20,25.9,23.0,29.0,,,,11.1,,1007.3,
2020-09-21,26.0,25.0,28.0,,,,5.6,,1007.4,
2020-09-22,27.0,25.0,30.0,,,,9.7,,1007.4,
2020-09-23,27.2,24.0,31.0,,,,10.0,,1008.7,
2020-09-24,27.4,24.0,31.0,,,,7.0,,1010.0,
2020-09-25,27.2,25.0,31.0,,,,5.7,,1009.7,
2020-09-26,27.2,25.0,30.0,,,,4.8,,1009.3,
2020-09-27,28.0,25.0,32.0,,,,7.9,,1009.2,
2020-09-28,27.4,25.0,31.0,,,,6.3,,1008.9,
2020-09-29,25.5,25.0,29.0,,,,3.9,,1008.8,
2020-09-30,27.1,24.0,32.0,,,,8.3,,1008.3,
2020-10-01,27.5,24.0,31.0,,,,8.1,,1008.1,
2020-10-02,27.1,24.0,31.0,,,,6.1,,1008.7,
2020-10-03,27.5,,,,,,7.5,,1009.7,
2020-10-04,27.5,25.0,31.0,,,,7.6,,1010.6,
2020-10-05,27.2,23.0,32.0,,,,9.5,,1009.2,
2020-10-06,27.8,24.0,31.0,,,,10.3,,1008.5,
2020-10-07,27.5,24.0,31.0,,,,10.4,,1008.8,
2020-10-08,27.0,,,,,,7.7,,1008.2,
2020-10-09,27.0,24.0,31.0,,,,7.8,,1008.5,
2020-10-10,26.8,25.0,31.0,,,,7.1,,1008.2,
2020-10-11,26.5,25.0,29.0,,,,5.6,,1007.4,
2020-10-12,26.3,,,,,,8.0,,1005.4,
2020-10-13,27.0,24.0,31.0,,,,8.9,,1005.2,
2020-10-14,26.3,24.0,30.0,,,,8.2,,1006.7,
2020-10-15,26.3,24.0,30.0,,,,7.5,,1006.5,
2020-10-16,26.3,24.0,31.0,,,,7.8,,1006.5,
2020-10-17,27.8,24.0,32.0,,,,5.7,,1006.9,
2020-10-18,,,,,,,,,,
2020-10-19,27.6,,,,,,6.2,,1007.5,
2020-10-20,26.5,25.0,29.0,,,,6.1,,1007.7,
2020-10-21,27.1,,,,,,6.9,,1008.2,
2020-10-22,27.0,24.0,31.0,,,,5.8,,1008.2,
2020-10-23,26.9,,,,,,4.9,,1008.6,
2020-10-24,27.4,23.0,33.0,,,,4.5,,1009.3,
2020-10-25,27.5,23.0,32.0,,,,5.7,,1010.0,
2020-10-26,28.2,24.0,33.0,,,,7.3,,1009.7,
2020-10-27,27.9,,,,,,7.5,,1009.2,
2020-10-28,,,,,,,,,,
2020-10-29,,,,,,,,,,
2020-10-30,,,,,,,,,,
2020-10-31,28.5,25.0,33.0,,,,5.7,,1009.5,
2020-11-01,28.7,26.0,33.0,,,,5.5,,1010.3,
2020-11-02,28.2,25.0,33.0,,,,6.3,,1010.9,
2020-11-03,27.2,26.0,29.0,,,,3.0,,1010.7,
2020-11-04,28.3,25.0,34.0,,,,6.3,,1010.0,
2020-11-05,27.2,,,,,,4.8,,1010.2,
2020-11-06,27.6,24.0,33.0,,,,4.2,,1010.8,
2020-11-07,29.0,24.0,34.0,,,,4.2,,1010.8,
2020-11-08,28.8,25.0,34.0,,,,7.4,,1011.2,
2020-11-09,28.8,25.0,35.0,,,,7.2,,1010.2,
2020-11-10,28.7,,,,,,4.9,,1008.1,
2020-11-11,28.1,23.0,35.0,,,,5.5,,1008.7,
2020-11-12,28.5,24.0,35.0,,,,5.1,,1008.9,
2020-11-13,28.2,26.0,34.0,,,,5.8,,1008.8,
2020-11-14,28.7,,,,,,4.4,,1007.1,
2020-11-15,29.0,25.0,34.0,,,,7.2,,1006.8,
2020-11-16,27.5,25.0,33.0,,,,5.7,,1007.8,
2020-11-17,27.6,25.0,33.0,,,,6.0,,1007.5,
2020-11-18,27.4,25.0,32.0,,,,3.7,,1008.2,
2020-11-19,28.6,,,,,,6.1,,1008.7,
2020-11-20,28.6,,,,,,5.8,,1009.6,
2020-11-21,27.8,24.0,34.0,,,,6.4,,1010.1,
2020-11-22,28.0,23.0,34.0,,,,5.2,,1010.3,
2020-11-23,27.1,21.0,34.0,,,,5.2,,1010.4,
2020-11-24,27.1,23.0,32.0,,,,3.5,,1009.4,
2020-11-25,28.3,,,,,,6.2,,1007.9,
2020-11-26,27.8,26.0,31.0,,,,8.3,,1008.2,
2020-11-27,,,,,,,,,,
2020-11-28,27.3,24.0,33.0,,,,6.3,,1010.2,
2020-11-29,28.1,24.0,34.0,,,,4.3,,1010.1,
2020-11-30,29.0,25.0,35.0,,,,5.3,,1010.0,
2020-12-01,28.6,24.0,34.0,,,,8.1,,1010.1,
2020-12-02,27.3,22.0,32.0,,,,3.6,,1009.0,
2020-12-03,25.9,25.0,28.0,,,,4.0,,1008.5,
2020-12-04,27.7,24.0,32.0,,,,7.9,,1006.7,
2020-12-05,27.5,26.0,31.0,,,,4.8,,1007.5,
2020-12-06,27.4,25.0,33.0,,,,4.4,,1009.0,
2020-12-07,26.9,25.0,31.0,,,,3.9,,1010.2,
2020-12-08,28.6,24.0,34.0,,,,4.3,,1010.6,
2020-12-09,28.0,25.0,33.0,,,,6.5,,1010.2,
2020-12-10,28.5,26.0,34.0,,,,7.0,,1010.5,
2020-12-11,28.0,24.0,33.0,,,,5.4,,1010.5,
2020-12-12,28.0,24.0,33.0,,,,5.3,,1010.5,
2020-12-13,27.4,23.0,33.0,,,,5.6,,1009.8,
2020-12-14,27.4,23.0,34.0,,,,6.0,,1009.5,
2020-12-15,27.3,21.0,33.0,,,,5.9,,1010.2,
2020-12-16,28.0,25.0,32.0,,,,7.5,,1010.5,
2020-12-17,27.9,25.0,31.0,,,,7.0,,1010.7,
2020-12-18,27.2,24.0,31.0,,,,3.8,,1010.3,
2020-12-19,26.8,24.0,32.0,,,,3.7,,1010.2,
2020-12-20,26.9,21.0,33.0,,,,6.5,,1010.5,
2020-12-21,26.4,21.0,33.0,,,,6.7,,1009.8,
2020-12-22,27.4,23.0,34.0,,,,5.1,,1009.9,
2020-12-23,26.6,25.0,32.0,,,,5.2,,1009.1,
2020-12-24,27.8,24.0,33.0,,,,5.9,,1008.0,
2020-12-25,28.0,24.0,33.0,,,,5.3,,1008.6,
2020-12-26,26.8,22.0,33.0,,,,7.2,,1010.0,
2020-12-27,26.1,19.0,35.0,,,,5.0,,1009.6,
2020-12-28,26.2,22.0,31.0,,,,5.5,,1009.4,
2020-12-29,27.7,23.0,34.0,,,,4.9,,1008.8,
2020-12-30,28.5,24.0,34.0,,,,6.2,,1008.1,
2020-12-31,27.1,24.0,33.0,,,,7.6,,1009.0,
2021-01-01,26.5,23.0,31.0,,,,6.2,,1009.4,
2021-01-02,26.2,21.3,31.2,0.0,,,6.7,,1009.8,
2021-01-03,26.5,22.8,30.6,0.2,,,5.6,,1008.9,
2021-01-04,26.6,23.5,31.0,3.2,,,4.8,,1009.2,
2021-01-05,26.6,23.6,31.2,11.9,,,5.2,,1009.7,
2021-01-06,26.1,23.8,30.4,6.4,,,6.4,,1010.1,
2021-01-07,26.2,23.2,30.4,6.2,,,6.6,,1008.2,
2021-01-08,25.8,23.6,30.6,18.5,,,5.6,,1008.2,
2021-01-09,25.8,23.0,29.0,5.2,,,3.9,,1008.0,
2021-01-10,25.7,24.1,28.2,4.1,,,4.6,,1009.0,
2021-01-11,26.2,23.5,29.0,5.7,,,4.2,,1009.6,
2021-01-12,25.3,23.8,30.0,24.3,,,11.3,,1008.7,
2021-01-13,26.1,23.1,30.4,4.1,,,4.8,,1008.2,
2021-01-14,26.6,23.7,30.8,0.7,,,5.8,,1008.4,
2021-01-15,26.8,24.4,30.2,4.4,,,4.1,,1008.8,
2021-01-16,26.6,23.9,30.2,1.4,,,4.5,,1008.5,
2021-01-17,27.1,24.0,32.4,3.3,,,4.7,,1009.1,
2021-01-18,26.0,22.0,29.9,0.0,,,6.5,,1009.9,
2021-01-19,25.5,20.9,30.0,0.0,,,6.1,,1010.5,
2021-01-20,26.2,22.3,30.6,0.0,,,6.3,,1011.2,
2021-01-21,26.9,23.8,31.2,0.9,,,7.0,,1010.9,
2021-01-22,26.9,23.8,31.8,1.3,,,6.4,,1010.5,
2021-01-23,26.2,24.2,29.2,4.4,,,6.7,,1011.1,
2021-01-24,26.4,23.6,30.6,0.8,,,7.4,,1011.2,
2021-01-25,26.1,22.0,30.6,0.0,,,7.0,,1011.6,
2021-01-26,25.0,19.9,30.0,0.0,,,6.8,,1011.0,
2021-01-27,25.2,20.2,30.0,0.0,,,7.1,,1011.5,
2021-01-28,25.0,19.5,29.8,0.0,,,7.5,,1011.4,
2021-01-29,25.6,20.9,30.4,0.0,,,6.1,,1012.0,
2021-01-30,26.7,22.9,31.2,0.0,,,5.7,,1011.2,
2021-01-31,27.0,23.5,30.8,0.2,,,5.9,,1011.1,
2021-02-01,27.3,23.1,32.0,0.2,,,5.2,,1012.2,
2021-02-02,27.2,22.6,31.6,0.0,,,5.3,,1012.3,
2021-02-03,27.4,23.8,31.8,0.0,,,6.3,,1011.9,
2021-02-04,27.2,22.8,31.8,0.0,,,6.4,,1011.9,
2021-02-05,26.8,22.7,31.0,0.0,,,6.5,,1011.6,
2021-02-06,26.7,23.8,31.0,1.2,,,6.0,,1010.6,
2021-02-07,27.0,22.7,31.8,0.3,,,6.2,,1010.5,
2021-02-08,26.6,21.0,31.8,0.0,,,6.5,,1011.2,
2021-02-09,26.0,20.0,31.3,0.0,,,7.4,,1010.5,
2021-02-10,26.0,21.8,31.4,0.0,,,7.7,,1010.3,
2021-02-11,25.6,20.6,30.6,0.0,,,8.2,,1010.0,
2021-02-12,25.7,21.0,30.4,0.0,,,7.9,,1010.8,
2021-02-13,25.9,21.5,29.9,0.0,,,7.8,,1012.1,
2021-02-14,26.3,22.3,30.8,0.0,,,7.1,,1012.3,
2021-02-15,26.9,23.2,31.0,0.1,,,7.0,,1011.2,
2021-02-16,26.8,23.9,30.6,3.0,,,6.3,,1011.2,
2021-02-17,27.2,23.9,31.4,1.4,,,7.1,,1010.1,
2021-02-18,27.1,23.8,30.8,3.7,,,5.8,,1011.1,
2021-02-19,26.9,23.8,30.8,1.0,,,7.4,,1011.5,
2021-02-20,26.7,24.4,29.3,2.1,,,5.9,,1010.6,
2021-02-21,26.9,23.9,30.5,1.7,,,6.7,,1011.3,
2021-02-22,27.4,23.6,31.8,0.2,,,7.0,,1012.1,
2021-02-23,27.7,24.0,32.4,0.6,,,6.5,,1011.0,
2021-02-24,27.8,24.3,31.6,0.1,,,7.3,,1010.7,
2021-02-25,27.6,25.0,31.2,1.7,,,7.2,,1011.1,
2021-02-26,27.6,24.7,31.2,2.1,,,7.9,,1010.0,
2021-02-27,28.0,24.5,31.4,1.7,,,5.8,,1008.8,
2021-02-28,28.2,24.6,31.4,0.3,,,7.8,,1008.7,
2021-03-01,27.6,24.4,31.2,1.7,,,7.7,,1012.1,
2021-03-02,27.7,23.6,31.2,0.6,,,8.3,,1011.7,
2021-03-03,27.8,23.4,32.4,0.4,,,7.8,,1010.4,
2021-03-04,27.2,22.4,31.4,0.0,,,7.6,,1010.5,
2021-03-05,27.3,22.4,31.8,0.0,,,8.1,,1011.9,
2021-03-06,27.7,23.1,31.8,0.0,,,18.5,,1012.4,
2021-03-07,28.4,24.8,31.6,0.0,,,8.0,,1010.9,
2021-03-08,28.2,24.7,32.2,0.2,,,7.3,,1011.0,
2021-03-09,28.1,24.6,32.2,3.7,,,8.3,,1011.6,
2021-03-10,28.1,24.9,32.4,6.0,,,7.9,,1011.5,
2021-03-11,27.1,24.2,31.2,7.5,,,8.1,,1012.3,
2021-03-12,27.5,24.1,32.2,2.3,,,7.2,,1012.3,
2021-03-13,27.9,23.4,33.4,0.0,,,7.5,,1011.7,
2021-03-14,28.4,23.7,32.4,0.5,,,7.9,,1010.2,
2021-03-15,28.3,24.4,31.8,1.1,,,7.6,,1009.9,
2021-03-16,28.3,23.8,31.9,1.0,,,8.5,,1010.1,
2021-03-17,28.4,24.8,32.2,0.0,,,7.6,,1009.2,
2021-03-18,28.4,24.4,31.8,1.3,,,8.1,,1009.6,
2021-03-19,27.8,25.3,32.0,6.3,,,8.2,,1009.6,
2021-03-20,27.6,24.0,31.0,1.3,,,6.9,,1009.0,
2021-03-21,27.7,24.4,31.8,0.8,,,7.0,,1008.6,
2021-03-22,27.9,24.8,32.2,1.9,,,6.5,,1009.6,
2021-03-23,28.3,25.3,32.2,1.9,,,7.5,,1010.0,
2021-03-24,28.4,24.9,32.6,4.6,,,8.0,,1010.0,
2021-03-25,27.4,24.5,32.0,2.2,,,6.3,,1009.4,
2021-03-26,28.2,25.2,31.8,0.1,,,6.8,,1008.4,
2021-03-27,28.8,25.7,32.4,2.4,,,9.1,,1008.5,
2021-03-28,27.2,23.4,31.6,2.4,,,6.7,,1009.1,
2021-03-29,27.2,24.2,31.8,0.6,,,7.3,,1009.6,
2021-03-30,28.1,23.6,33.0,0.3,,,8.8,,1007.9,
2021-03-31,28.5,26.0,32.2,5.3,,,10.2,,1007.5,
2021-04-01,27.2,25.3,32.0,12.1,,,7.4,,1008.1,
2021-04-02,28.2,24.4,31.4,0.0,,,8.3,,1008.0,
2021-04-03,28.6,25.3,31.6,1.2,,,9.8,,1009.0,
2021-04-04,28.7,25.7,32.0,0.2,,,10.7,,1009.4,
2021-04-05,28.8,26.2,32.8,0.2,,,11.0,,1009.0,
2021-04-06,28.8,26.0,32.6,0.8,,,7.6,,1009.4,
2021-04-07,28.3,25.8,32.4,4.8,,,8.5,,1010.6,
2021-04-08,27.8,24.2,31.4,1.7,,,6.5,,1009.7,
2021-04-09,28.2,25.1,32.8,3.5,,,8.2,,1008.5,
2021-04-10,28.1,25.1,32.0,3.8,,,8.4,,1009.6,
2021-04-11,27.5,24.5,31.2,5.1,,,6.8,,1011.3,
2021-04-12,26.7,22.6,31.4,8.9,,,5.8,,1011.7,
2021-04-13,26.8,24.2,31.2,2.4,,,6.9,,1011.2,
2021-04-14,27.0,24.3,31.2,3.7,,,7.0,,1010.8,
2021-04-15,27.1,24.3,31.8,9.3,,,6.4,,1010.7,
2021-04-16,26.9,24.6,31.8,10.5,,,8.0,,1010.5,
2021-04-17,27.6,24.5,32.0,6.2,,,6.5,,1010.9,
2021-04-18,26.6,24.9,30.2,11.9,,,6.8,,1012.4,
2021-04-19,27.2,24.0,31.8,4.6,,,6.5,,1010.8,
2021-04-20,26.6,24.0,28.9,7.5,,,5.4,,1010.0,
2021-04-21,27.7,24.8,31.4,6.4,,,7.4,,1010.5,
2021-04-22,27.4,24.4,32.0,3.3,,,6.5,,1010.8,
2021-04-23,27.6,24.7,31.4,2.6,,,6.8,,1010.6,
2021-04-24,28.3,24.9,32.6,9.9,,,6.2,,1009.5,
2021-04-25,27.8,25.0,32.2,5.9,,,6.4,,1009.4,
2021-04-26,27.9,24.4,31.8,1.5,,,5.9,,1009.2,
2021-04-27,27.8,24.7,32.0,2.2,,,6.0,,1009.9,
2021-04-28,28.0,25.1,32.2,7.3,,,6.1,,1010.5,
2021-04-29,28.0,25.2,31.8,5.4,,,6.1,,1010.0,
2021-04-30,27.9,25.4,32.6,7.6,,,7.1,,1008.5,
2021-05-01,27.6,24.6,33.2,8.8,,,7.1,,1008.3,
2021-05-02,27.8,24.9,32.6,2.9,,,5.5,,1008.8,
2021-05-03,27.2,24.2,31.8,11.9,,,5.9,,1008.7,
2021-05-04,27.0,24.4,31.4,3.6,,,7.0,,1008.6,
2021-05-05,28.0,24.9,32.0,3.7,,,5.5,,1007.5,
2021-05-06,27.8,25.0,32.8,10.1,,,6.6,,1008.8,
2021-05-07,26.9,24.9,29.8,13.2,,,6.3,,1009.5,
2021-05-08,28.0,24.5,32.4,2.2,,,6.6,,1008.1,
2021-05-09,27.7,25.0,32.4,3.3,,,8.0,,1007.7,
2021-05-10,27.3,24.8,31.4,15.3,,,8.0,,1008.1,
2021-05-11,27.5,24.8,31.6,17.8,,,7.7,,1008.5,
2021-05-12,27.3,25.0,31.0,12.2,,,8.5,,1007.6,
2021-05-13,26.6,24.4,28.4,7.1,,,8.7,,1006.9,
2021-05-14,25.4,24.0,26.8,51.7,,,17.3,,1006.1,
2021-05-15,25.9,23.8,27.8,79.1,,,17.6,,1005.4,
2021-05-16,25.8,24.4,27.4,50.1,,,11.7,,1006.9,
2021-05-17,27.2,24.3,31.4,7.2,,,6.7,,1008.1,
2021-05-18,27.0,24.9,31.4,21.8,,,8.3,,1008.8,
2021-05-19,26.8,24.5,30.8,20.6,,,9.2,,1008.4,
2021-05-20,26.9,25.0,31.4,15.0,,,5.8,,1008.8,
2021-05-21,25.9,24.4,27.6,14.9,,,5.8,,1009.5,
2021-05-22,26.5,24.6,30.6,17.0,,,6.9,,1008.8,
2021-05-23,27.4,24.9,32.0,6.5,,,5.8,,1008.9,
2021-05-24,28.0,25.4,31.6,10.3,,,7.1,,1009.5,
2021-05-25,27.0,25.5,31.6,18.2,,,10.8,,1008.6,
2021-05-26,25.7,24.0,27.2,25.3,,,11.3,,1008.9,
2021-05-27,26.7,24.2,31.0,11.4,,,8.7,,1009.1,
2021-05-28,26.9,24.5,31.0,5.3,,,8.7,,1009.6,
2021-05-29,26.5,24.8,30.4,15.9,,,9.2,,1010.5,
2021-05-30,27.1,24.9,31.0,7.4,,,8.4,,1010.0,
2021-05-31,26.8,24.4,31.4,10.7,,,9.1,,1008.8,
2021-06-01,26.8,24.2,30.4,10.2,,,6.2,,1008.8,
2021-06-02,27.5,24.6,31.2,8.1,,,6.5,,1008.2,
2021-06-03,27.2,24.9,31.0,20.3,,,8.3,,1008.8,
2021-06-04,26.3,24.7,28.2,19.8,,,5.9,,1010.0,
2021-06-05,25.7,24.8,27.1,33.9,,,8.8,,1009.8,
2021-06-06,26.3,24.2,30.0,8.8,,,8.4,,1009.9,
2021-06-07,27.4,25.0,31.0,9.1,,,5.9,,1009.7,
2021-06-08,26.9,24.6,31.2,16.6,,,7.7,,1009.9,
2021-06-09,26.5,24.4,30.4,6.1,,,7.8,,1009.4,
2021-06-10,26.8,24.8,31.2,4.7,,,5.8,,1008.5,
2021-06-11,27.2,24.8,32.6,4.4,,,6.9,,1008.8,
2021-06-12,25.8,23.6,27.8,26.2,,,9.1,,1009.3,
2021-06-13,25.4,24.6,26.8,18.3,,,11.6,,1009.5,
2021-06-14,25.6,22.2,28.2,25.8,,,10.6,,1009.1,
2021-06-15,26.3,24.6,29.4,22.5,,,12.2,,1008.2,
2021-06-16,26.4,24.6,30.6,18.7,,,10.7,,1009.4,
2021-06-17,26.3,24.1,30.0,17.3,,,7.5,,1010.4,
2021-06-18,27.0,24.1,30.4,11.3,,,5.5,,1010.8,
2021-06-19,27.2,25.0,30.8,6.3,,,7.8,,1012.2,
2021-06-20,26.6,24.8,30.4,4.9,,,9.7,,1012.2,
2021-06-21,26.7,24.7,31.0,4.8,,,9.8,,1011.2,
2021-06-22,26.5,24.8,30.0,14.1,,,9.4,,1010.0,
2021-06-23,26.4,22.8,30.4,17.4,,,8.6,,1009.9,
2021-06-24,26.3,23.6,30.2,3.4,,,8.0,,1010.5,
2021-06-25,27.4,25.0,31.0,1.9,,,9.9,,1009.5,
2021-06-26,26.0,24.4,30.0,7.9,,,8.7,,1009.4,
2021-06-27,26.3,23.8,30.2,10.8,,,6.9,,1010.0,
2021-06-28,26.4,24.7,29.4,10.0,,,7.0,,1009.4,
2021-06-29,26.9,24.0,30.2,2.1,,,6.5,,1008.4,
2021-06-30,27.5,24.5,31.0,1.5,,,7.5,,1008.4,
2021-07-01,26.3,25.0,28.0,18.4,,,7.7,,1008.2,
2021-07-02,26.2,24.2,29.4,10.5,,,6.3,,1008.9,
2021-07-03,26.3,24.0,30.6,20.2,,,7.9,,1009.3,
2021-07-04,26.5,24.7,31.4,16.4,,,8.9,,1009.1,
2021-07-05,26.7,24.6,29.4,12.9,,,11.1,,1008.0,
2021-07-06,26.9,24.9,30.0,9.5,,,10.4,,1006.9,
2021-07-07,26.8,24.6,30.2,4.9,,,9.2,,1007.3,
2021-07-08,26.8,24.8,30.2,11.1,,,9.7,,1007.8,
2021-07-09,25.8,23.4,28.4,44.6,,,12.0,,1007.2,
2021-07-10,24.9,23.4,26.3,58.9,,,15.7,,1008.0,
2021-07-11,25.2,23.0,27.2,15.0,,,11.6,,1007.6,
2021-07-12,25.7,23.6,27.2,11.7,,,15.7,,1007.3,
2021-07-13,26.0,24.3,28.4,11.3,,,10.9,,1007.8,
2021-07-14,25.0,20.6,27.0,18.4,,,9.9,,1008.2,
2021-07-15,25.9,23.3,29.6,2.2,,,7.6,,1007.7,
2021-07-16,25.4,23.6,27.8,10.9,,,8.3,,1009.3,
2021-07-17,26.1,23.8,30.0,2.2,,,10.5,,1009.4,
2021-07-18,25.3,23.2,26.6,10.2,,,12.3,,1009.4,
2021-07-19,26.0,23.4,29.4,8.1,,,10.7,,1009.8,
2021-07-20,26.0,23.9,30.0,5.6,,,11.0,,1011.3,
2021-07-21,25.8,24.2,28.6,9.7,,,11.0,,1011.3,
2021-07-22,26.5,24.6,29.6,16.8,,,15.5,,1009.0,
2021-07-23,25.9,24.7,29.4,16.1,,,17.1,,1008.2,
2021-07-24,25.2,23.5,26.8,32.3,,,11.0,,1009.3,
2021-07-25,25.5,24.4,27.8,19.2,,,11.9,,1010.3,
2021-07-26,25.8,23.9,29.0,12.1,,,10.7,,1010.5,
2021-07-27,25.8,23.8,28.0,11.0,,,10.3,,1010.0,
2021-07-28,25.7,24.4,29.0,14.4,,,9.8,,1010.6,
2021-07-29,26.4,24.2,29.2,3.0,,,11.0,,1011.0,
2021-07-30,26.4,24.5,29.2,3.3,,,9.9,,1011.7,
2021-07-31,26.6,24.5,30.0,4.0,,,12.4,,1011.9,
2021-08-01,26.7,24.6,29.6,1.7,,,10.4,,1011.2,
2021-08-02,26.2,24.4,30.4,6.0,,,9.0,,1011.4,
2021-08-03,26.3,24.0,30.2,4.3,,,9.5,,1012.4,
2021-08-04,26.1,24.3,28.8,8.5,,,11.8,,1012.9,
2021-08-05,26.0,24.4,29.4,9.6,,,12.6,,1011.4,
2021-08-06,25.7,23.8,30.0,19.5,,,13.8,,1010.1,
2021-08-07,25.3,24.0,27.2,19.3,,,13.2,,1010.5,
2021-08-08,25.8,24.4,28.2,18.1,,,9.9,,1010.5,
2021-08-09,26.1,24.4,30.6,34.8,,,8.8,,1011.0,
2021-08-10,25.7,23.6,28.0,10.6,,,10.4,,1010.8,
2021-08-11,25.9,24.6,28.0,21.3,,,12.8,,1010.9,
2021-08-12,25.8,24.2,29.0,9.6,,,10.0,,1011.7,
2021-08-13,25.6,24.4,28.0,6.6,,,12.9,,1010.5,
2021-08-14,25.6,24.0,28.2,7.6,,,11.1,,1009.2,
2021-08-15,25.7,24.2,29.0,3.7,,,9.2,,1009.5,
2021-08-16,25.7,24.2,28.0,4.6,,,9.6,,1010.3,
2021-08-17,25.5,24.3,28.0,7.7,,,6.8,,1010.6,
2021-08-18,25.0,24.1,26.8,18.0,,,10.0,,1010.0,
2021-08-19,25.5,23.6,29.4,13.8,,,9.9,,1009.1,
2021-08-20,26.2,23.8,29.2,3.1,,,7.3,,1008.6,
2021-08-21,26.2,24.4,30.6,3.7,,,5.8,,1009.8,
2021-08-22,26.4,23.8,30.2,2.4,,,4.1,,1009.3,
2021-08-23,25.9,24.5,29.8,6.0,,,8.4,,1009.3,
2021-08-24,26.3,24.1,30.6,3.9,,,7.4,,1009.7,
2021-08-25,26.1,24.2,30.2,6.1,,,7.4,,1008.9,
2021-08-26,26.0,24.4,29.6,15.6,,,10.2,,1007.6,
2021-08-27,25.4,23.8,27.2,23.9,,,11.1,,1007.7,
2021-08-28,25.6,23.6,29.8,25.7,,,14.0,,1007.1,
2021-08-29,24.4,23.9,25.0,63.2,,,14.9,,1007.2,
2021-08-30,24.8,22.8,28.4,51.3,,,11.4,,1008.2,
2021-08-31,26.1,23.8,29.6,3.9,,,6.6,,1008.2,
2021-09-01,26.1,24.6,28.4,5.6,,,8.0,,1009.3,
2021-09-02,25.8,23.4,29.8,6.8,,,7.0,,1009.2,
2021-09-03,25.6,23.9,28.4,9.1,,,6.1,,1008.2,
2021-09-04,25.1,24.0,26.6,12.9,,,7.4,,1009.4,
2021-09-05,25.3,24.2,27.6,13.3,,,11.0,,1009.6,
2021-09-06,25.1,24.4,27.2,15.1,,,11.9,,1009.9,
2021-09-07,25.7,23.7,29.6,15.8,,,9.3,,1009.8,
2021-09-08,26.4,24.4,30.2,6.4,,,8.2,,1010.5,
2021-09-09,26.3,24.5,30.2,4.6,,,7.5,,1011.0,
2021-09-10,26.5,24.6,29.8,2.7,,,9.1,,1010.8,
2021-09-11,26.4,24.5,30.0,5.5,,,8.1,,1010.1,
2021-09-12,26.1,24.6,29.0,13.3,,,10.3,,1009.4,
2021-09-13,26.0,24.4,28.0,10.1,,,11.9,,1008.8,
2021-09-14,26.4,24.7,30.0,9.8,,,9.9,,1008.7,
2021-09-15,26.2,24.7,29.6,15.4,,,6.8,,1009.4,
2021-09-16,26.0,24.5,28.8,9.0,,,7.0,,1009.0,
2021-09-17,26.6,24.7,30.4,2.2,,,8.0,,1008.2,
2021-09-18,26.7,25.0,29.2,1.4,,,7.1,,1009.3,
2021-09-19,27.1,25.1,31.0,1.0,,,8.5,,1010.2,
2021-09-20,27.0,25.1,30.4,1.8,,,9.3,,1009.9,
2021-09-21,26.8,24.9,30.0,5.0,,,8.3,,1009.7,
2021-09-22,26.7,24.4,30.2,1.1,,,11.2,,1008.1,
2021-09-23,26.9,25.0,30.8,6.6,,,12.1,,1008.5,
2021-09-24,26.9,24.8,30.6,3.2,,,10.0,,1008.8,
2021-09-25,26.5,24.9,29.8,8.6,,,8.3,,1008.7,
2021-09-26,26.3,24.6,30.2,11.9,,,9.5,,1007.1,
2021-09-27,25.0,23.4,26.3,23.0,,,14.2,,1007.5,
2021-09-28,24.8,23.0,27.8,18.0,,,8.9,,1009.1,
2021-09-29,25.6,22.7,30.4,24.0,,,7.0,,1009.6,
2021-09-30,26.1,23.4,29.0,6.1,,,7.0,,1010.0,
2021-10-01,26.2,24.7,29.4,22.7,,,6.4,,1008.7,
2021-10-02,25.9,24.0,28.8,11.7,,,9.2,,1007.9,
2021-10-03,26.1,24.2,29.0,1.9,,,6.3,,1007.8,
2021-10-04,26.2,24.4,30.0,13.2,,,6.3,,1007.3,
2021-10-05,25.9,24.0,29.2,23.2,,,5.4,,1007.3,
2021-10-06,26.0,23.7,30.2,19.3,,,7.0,,1006.9,
2021-10-07,26.5,24.4,30.0,7.0,,,10.5,,1007.4,
2021-10-08,26.0,24.8,28.2,15.3,,,9.2,,1008.9,
2021-10-09,25.8,23.8,27.6,16.2,,,6.4,,1010.4,
2021-10-10,26.1,24.3,30.7,12.7,,,5.4,,1009.6,
2021-10-11,25.5,23.8,28.6,40.0,,,9.3,,1008.7,
2021-10-12,24.9,24.0,25.8,50.7,,,8.5,,1008.6,
2021-10-13,25.7,23.4,29.6,9.8,,,8.7,,1007.8,
2021-10-14,25.8,23.8,30.0,12.8,,,8.3,,1006.8,
2021-10-15,26.3,24.1,29.4,2.7,,,12.6,,1003.7,
2021-10-16,25.1,24.0,26.5,41.8,,,18.1,,1003.0,
2021-10-17,25.8,24.6,28.2,40.5,,,10.7,,1006.6,
2021-10-18,26.0,23.7,29.6,6.2,,,7.5,,1009.5,
2021-10-19,26.5,24.0,30.4,1.6,,,7.4,,1010.9,
2021-10-20,26.2,23.4,29.4,10.1,,,6.1,,1011.9,
2021-10-21,25.9,23.5,30.0,16.3,,,5.1,,1011.7,
2021-10-22,26.3,23.7,32.2,3.2,,,7.2,,1011.8,
2021-10-23,25.5,22.8,29.8,16.4,,,8.1,,1013.1,
2021-10-24,26.0,22.8,30.6,2.6,,,6.1,,1012.9,
2021-10-25,26.0,22.9,30.6,10.5,,,6.3,,1010.8,
2021-10-26,25.7,22.9,31.2,2.3,,,5.9,,1009.9,
2021-10-27,25.7,23.3,31.4,18.7,,,7.3,,1010.1,
2021-10-28,25.8,23.1,30.0,4.9,,,5.4,,1009.9,
2021-10-29,25.9,23.6,29.0,9.1,,,4.4,,1010.4,
2021-10-30,25.6,23.6,28.4,18.3,,,5.3,,1011.0,
2021-10-31,25.9,23.8,30.2,11.1,,,5.5,,1010.8,
2021-11-01,25.5,23.9,28.8,7.0,,,7.5,,1009.6,
2021-11-02,25.3,23.4,29.4,26.2,,,6.7,,1008.9,
2021-11-03,25.2,23.2,30.0,19.7,,,6.9,,1009.8,
2021-11-04,25.3,22.8,30.0,17.5,,,8.5,,1009.9,
2021-11-05,25.7,22.9,31.2,17.1,,,9.1,,1010.2,
2021-11-06,26.2,22.9,30.4,15.5,,,5.6,,1009.5,
2021-11-07,26.4,23.3,31.0,0.5,,,6.1,,1008.9,
2021-11-08,25.8,24.0,29.2,10.7,,,8.2,,1009.6,
2021-11-09,25.4,23.3,28.2,8.7,,,4.9,,1009.7,
2021-11-10,25.2,22.2,30.4,10.5,,,13.0,,1008.8,
2021-11-11,26.6,23.1,30.2,1.4,,,8.9,,1006.9,
2021-11-12,25.5,23.5,27.9,10.3,,,9.3,,1007.6,
2021-11-13,25.1,23.6,27.8,39.3,,,8.5,,1008.9,
2021-11-14,24.8,23.1,26.8,68.7,,,9.2,,1008.8,
2021-11-15,24.8,23.0,27.2,28.0,,,7.4,,1007.7,
2021-11-16,25.0,23.1,27.2,14.5,,,8.2,,1007.5,
2021-11-17,26.0,23.3,30.8,5.8,,,5.7,,1008.9,
2021-11-18,26.0,23.9,29.8,4.0,,,6.8,,1007.8,
2021-11-19,25.4,23.7,28.2,19.4,,,8.2,,1005.9,
2021-11-20,26.2,23.7,30.6,16.7,,,7.7,,1007.2,
2021-11-21,26.1,23.0,29.4,0.0,,,9.0,,1009.3,
2021-11-22,26.2,22.6,30.0,3.9,,,7.7,,1010.2,
2021-11-23,26.0,24.3,30.4,1.3,,,6.8,,1009.7,
2021-11-24,25.8,23.3,28.2,1.3,,,6.4,,1009.4,
2021-11-25,25.8,23.1,28.3,4.7,,,5.2,,1009.2,
2021-11-26,26.2,23.8,31.0,8.7,,,4.7,,1008.9,
2021-11-27,26.0,23.4,31.2,7.9,,,5.6,,1009.3,
2021-11-28,25.6,23.6,29.4,21.6,,,5.6,,1009.5,
2021-11-29,25.7,23.6,29.8,18.3,,,6.7,,1009.9,
2021-11-30,25.3,23.0,30.2,11.7,,,5.6,,1010.3,
2021-12-01,26.4,23.2,31.0,0.4,,,9.5,,1010.2,
2021-12-02,26.4,23.2,29.8,9.9,,,5.6,,1010.6,
2021-12-03,26.3,23.9,30.4,8.3,,,5.5,,1011.3,
2021-12-04,26.1,23.5,30.8,1.8,,,4.7,,1012.0,
2021-12-05,26.5,23.4,31.4,1.3,,,7.1,,1011.7,
2021-12-06,26.4,23.5,30.8,2.5,,,6.9,,1011.1,
2021-12-07,26.7,23.6,31.4,0.7,,,5.0,,1010.9,
2021-12-08,27.0,24.0,31.8,0.3,,,5.9,,1010.7,
2021-12-09,26.7,23.5,30.8,15.2,,,5.0,,1011.8,
2021-12-10,26.9,23.1,31.8,0.0,,,6.0,,1011.9,
2021-12-11,27.0,22.6,32.0,0.6,,,6.1,,1011.3,
2021-12-12,26.9,22.9,32.2,0.5,,,7.1,,1011.3,
2021-12-13,27.3,24.2,32.0,0.5,,,6.1,,1010.4,
2021-12-14,27.0,23.9,31.8,8.1,,,6.2,,1010.1,
2021-12-15,27.2,23.8,32.0,1.4,,,4.9,,1010.8,
2021-12-16,26.9,23.1,31.2,0.3,,,5.6,,1011.8,
2021-12-17,26.8,23.2,31.2,0.0,,,6.6,,1012.1,
2021-12-18,26.7,23.3,30.8,0.0,,,6.1,,1011.5,
2021-12-19,26.7,22.7,31.0,0.0,,,6.9,,1012.3,
2021-12-20,26.4,22.0,30.8,0.0,,,7.8,,1012.6,
2021-12-21,26.4,22.1,31.4,0.0,,,7.0,,1013.4,
2021-12-22,25.9,21.3,30.6,0.0,,,7.2,,1012.5,
2021-12-23,26.1,22.3,30.0,0.1,,,6.5,,1012.0,
2021-12-24,26.0,21.9,30.4,0.0,,,6.6,,1011.9,
2021-12-25,25.3,21.1,29.8,0.0,,,6.7,,1012.2,
2021-12-26,25.8,21.4,30.0,0.1,,,7.8,,1013.2,
2021-12-27,25.7,22.0,30.2,0.0,,,7.2,,1013.4,
2021-12-28,25.6,21.5,30.0,0.0,,,6.5,,1012.4,
2021-12-29,25.9,21.4,30.0,0.0,,,8.6,,1011.6,
2021-12-30,26.2,21.1,31.2,0.0,,,7.3,,1012.2,
2021-12-31,27.3,22.5,31.6,0.9,,,5.8,,1012.3,
2022-01-01,27.4,23.8,31.4,1.2,,,5.7,,1012.9,
2022-01-02,27.6,22.8,33.0,0.0,,,6.1,,1011.4,
2022-01-03,27.4,23.3,31.2,0.0,,,6.9,,1011.4,
2022-01-04,27.2,22.8,31.2,0.0,,,7.5,,1012.1,
2022-01-05,26.8,22.9,30.6,0.0,,,7.8,,1012.5,
2022-01-06,26.9,23.2,30.8,0.2,,,7.0,,1011.4,
2022-01-07,27.1,23.3,30.8,0.3,,,7.5,,1012.1,
2022-01-08,27.1,23.6,31.6,3.6,,,7.2,,1012.4,
2022-01-09,26.7,23.0,31.0,2.9,,,7.1,,1011.5,
2022-01-10,26.5,22.6,30.4,0.0,,,5.4,,1011.4,
2022-01-11,26.9,23.2,30.6,0.0,,,7.1,,1011.3,
2022-01-12,26.8,23.6,30.3,0.0,,,9.0,,1011.3,
2022-01-13,26.4,23.1,30.0,0.0,,,9.4,,1011.1,
2022-01-14,26.4,22.5,30.4,0.0,,,8.4,,1010.9,
2022-01-15,27.0,23.0,30.8,0.0,,,9.9,,1010.8,
2022-01-16,27.3,23.3,31.6,0.0,,,6.6,,1011.5,
2022-01-17,27.4,22.8,31.1,0.7,,,8.1,,1012.8,
2022-01-18,27.5,23.3,32.1,0.1,,,7.9,,1011.9,
2022-01-19,27.1,23.4,31.2,0.0,,,8.9,,1011.3,
2022-01-20,26.7,22.9,30.4,0.5,,,7.3,,1010.8,
2022-01-21,26.7,22.9,30.0,0.4,,,7.6,,1011.5,
2022-01-22,26.6,23.1,29.8,0.0,,,9.1,,1010.4,
2022-01-23,26.4,23.4,29.7,0.2,,,11.3,,1010.3,
2022-01-24,26.1,22.3,30.1,0.0,,,11.3,,1009.6,
2022-01-25,26.2,22.7,29.8,0.0,,,12.3,,1009.4,
2022-01-26,26.3,23.4,30.2,3.5,,,13.6,,1010.1,
2022-01-27,26.4,22.1,30.6,0.2,,,8.2,,1009.2,
2022-01-28,26.6,22.3,30.6,1.5,,,7.5,,1009.6,
2022-01-29,27.3,22.1,31.7,0.0,,,6.4,,1010.5,
2022-01-30,27.9,23.8,32.2,0.8,,,7.0,,1010.4,
2022-01-31,27.6,24.2,30.8,0.0,,,7.1,,1010.2,
2022-02-01,27.7,23.7,33.0,0.4,,,7.3,,1009.6,
2022-02-02,27.3,24.0,30.8,1.4,,,7.3,,1010.6,
2022-02-03,27.1,24.0,30.6,0.6,,,7.4,,1011.0,
2022-02-04,26.8,23.7,30.2,0.7,,,10.0,,1010.1,
2022-02-05,26.0,21.6,30.1,0.0,,,10.3,,1009.6,
2022-02-06,26.3,21.8,29.6,0.5,,,18.9,,1012.0,
2022-02-07,27.0,23.0,30.9,0.0,,,8.2,,1012.5,
2022-02-08,27.3,23.3,31.4,0.2,,,9.4,,1011.2,
2022-02-09,27.3,23.4,31.2,0.4,,,8.8,,1010.6,
2022-02-10,27.4,23.3,31.5,0.7,,,7.9,,1009.9,
2022-02-11,27.4,23.0,30.8,0.0,,,7.2,,1009.2,
2022-02-12,27.1,24.5,31.4,11.5,,,6.9,,1009.5,
2022-02-13,26.8,23.0,31.0,0.5,,,7.1,,1008.8,
2022-02-14,26.8,23.3,31.0,0.2,,,6.0,,1008.8,
2022-02-15,26.7,23.2,30.8,2.0,,,7.6,,1009.3,
2022-02-16,26.4,23.2,29.6,3.4,,,7.2,,1007.8,
2022-02-17,26.6,23.1,31.4,0.1,,,6.3,,1006.4,
2022-02-18,27.0,23.2,30.4,2.2,,,6.6,,1007.7,
2022-02-19,27.3,23.6,31.6,0.0,,,6.9,,1009.5,
2022-02-20,27.9,24.2,32.8,0.0,,,7.4,,1009.9,
2022-02-21,27.7,24.4,31.0,0.6,,,7.0,,1009.4,
2022-02-22,27.5,23.7,31.0,1.7,,,6.8,,1010.4,
2022-02-23,27.6,23.2,31.6,1.3,,,7.7,,1011.6,
2022-02-24,27.4,23.0,31.6,0.6,,,6.6,,1013.0,
2022-02-25,28.2,24.8,32.0,0.1,,,6.9,,1011.9,
2022-02-26,27.5,23.5,31.6,0.0,,,7.7,,1011.5,
2022-02-27,27.8,23.5,32.4,0.3,,,7.9,,1011.7,
2022-02-28,27.1,22.7,32.8,5.2,,,6.4,,1011.9,
2022-03-01,27.5,22.8,31.9,0.0,,,8.0,,1011.1,
2022-03-02,27.7,21.2,32.9,0.0,,,7.4,,1010.3,
2022-03-03,27.8,20.9,33.8,0.0,,,6.9,,1009.6,
2022-03-04,27.2,22.3,32.0,0.0,,,7.3,,1009.9,
2022-03-05,27.5,23.5,32.0,0.0,,,7.7,,1009.8,
2022-03-06,27.8,23.5,31.8,0.1,,,6.9,,1009.1,
2022-03-07,27.7,23.5,30.9,0.7,,,7.4,,1009.3,
2022-03-08,27.3,24.0,31.2,3.4,,,7.8,,1010.0,
2022-03-09,27.5,23.2,31.6,0.1,,,6.9,,1009.7,
2022-03-10,28.2,24.2,31.8,0.4,,,7.3,,1009.6,
2022-03-11,28.0,23.6,32.0,0.0,,,7.3,,1008.9,
2022-03-12,28.1,24.4,32.0,0.1,,,7.6,,1008.7,
2022-03-13,28.2,23.5,32.2,0.0,,,6.8,,1008.3,
2022-03-14,28.5,23.7,33.4,0.0,,,7.3,,1008.9,
2022-03-15,28.5,25.2,31.6,1.4,,,8.0,,1008.9,
2022-03-16,27.9,23.9,32.4,7.0,,,7.3,,1008.5,
2022-03-17,27.9,25.0,31.2,1.2,,,7.1,,1008.0,
2022-03-18,28.1,24.4,31.6,2.3,,,7.5,,1007.8,
2022-03-19,27.3,23.7,33.2,4.7,,,5.6,,1008.5,
2022-03-20,26.8,24.6,30.8,5.3,,,6.0,,1008.5,
2022-03-21,27.9,24.5,31.4,0.6,,,7.7,,1008.4,
2022-03-22,28.2,25.0,31.8,0.0,,,8.1,,1008.1,
2022-03-23,28.3,24.7,31.8,3.5,,,6.3,,1007.7,
2022-03-24,27.2,24.5,31.8,1.2,,,5.4,,1008.4,
2022-03-25,27.8,25.0,31.8,1.3,,,5.9,,1009.1,
2022-03-26,28.5,25.7,32.0,1.4,,,6.2,,1010.3,
2022-03-27,27.6,25.4,31.6,2.2,,,5.4,,1011.1,
2022-03-28,27.8,25.2,32.6,3.4,,,5.8,,1010.6,
2022-03-29,27.8,25.1,32.0,3.8,,,6.4,,1010.0,
2022-03-30,27.8,25.7,32.2,2.1,,,6.6,,1009.8,
2022-03-31,28.1,24.9,31.8,0.0,,,6.2,,1009.8,
2022-04-01,28.0,25.5,31.8,1.7,,,5.7,,1010.0,
2022-04-02,27.5,25.1,32.0,2.5,,,6.8,,1010.9,
2022-04-03,27.6,25.0,32.0,12.4,,,5.9,,1010.0,
2022-04-04,27.5,24.7,32.0,2.3,,,6.9,,1010.3,
2022-04-05,27.5,25.2,32.0,6.2,,,7.3,,1012.1,
2022-04-06,27.0,23.6,30.8,4.1,,,5.7,,1012.6,
2022-04-07,27.8,23.6,31.0,0.2,,,6.8,,1010.8,
2022-04-08,27.1,24.0,31.5,10.3,,,5.5,,1010.4,
2022-04-09,26.3,23.8,31.2,11.9,,,5.9,,1009.8,
2022-04-10,26.6,23.6,30.6,10.8,,,5.9,,1009.0,
2022-04-11,26.7,24.7,30.5,29.9,,,6.5,,1007.9,
2022-04-12,26.2,24.4,29.7,10.2,,,6.4,,1007.4,
2022-04-13,26.4,25.0,29.2,16.1,,,6.5,,1006.9,
2022-04-14,26.7,24.6,30.2,15.1,,,8.0,,1007.9,
2022-04-15,27.9,24.8,32.5,1.2,,,6.7,,1007.8,
2022-04-16,28.1,25.4,31.7,2.3,,,5.9,,1007.3,
2022-04-17,27.3,24.7,32.2,6.6,,,7.3,,1008.4,
2022-04-18,27.2,24.6,32.8,2.5,,,6.3,,1010.1,
2022-04-19,27.1,24.8,30.8,11.3,,,5.0,,1011.0,
2022-04-20,28.7,25.6,32.4,1.6,,,5.9,,1008.2,
2022-04-21,28.7,26.0,33.0,9.3,,,5.8,,1007.1,
2022-04-22,27.9,25.9,32.0,9.5,,,6.3,,1008.4,
2022-04-23,26.7,23.4,31.2,3.7,,,6.3,,1009.5,
2022-04-24,27.8,25.3,32.2,13.7,,,4.9,,1008.3,
2022-04-25,28.3,25.6,32.4,3.3,,,6.2,,1007.8,
2022-04-26,28.7,26.1,32.8,0.2,,,6.4,,1007.7,
2022-04-27,29.2,26.3,33.4,1.2,,,7.5,,1007.1,
2022-04-28,28.7,25.6,32.8,1.2,,,6.9,,1008.8,
2022-04-29,28.0,24.5,33.0,12.1,,,7.2,,1009.5,
2022-04-30,28.6,25.0,31.2,0.1,,,7.7,,1008.1,
2022-05-01,27.7,25.0,31.4,14.7,,,6.3,,1007.6,
2022-05-02,27.9,25.0,31.6,1.8,,,7.4,,1007.3,
2022-05-03,28.9,25.6,32.0,10.7,,,9.3,,1007.2,
2022-05-04,28.4,25.8,32.0,10.0,,,6.1,,1008.4,
2022-05-05,27.9,25.2,31.0,2.3,,,8.0,,1008.0,
2022-05-06,27.4,24.6,30.2,13.5,,,8.7,,1007.8,
2022-05-07,28.1,25.8,32.2,8.2,,,7.4,,1007.0,
2022-05-08,28.5,25.6,32.4,4.7,,,7.3,,1005.5,
2022-05-09,27.2,24.7,30.4,36.9,,,7.5,,1005.4,
2022-05-10,27.3,24.2,31.4,13.6,,,7.6,,1006.0,
2022-05-11,25.8,22.8,29.4,12.0,,,7.5,,1007.3,
2022-05-12,25.5,23.4,28.7,3.0,,,6.0,,1007.7,
2022-05-13,26.7,24.0,30.4,12.2,,,6.5,,1007.2,
2022-05-14,26.1,24.0,28.4,29.9,,,8.0,,1007.4,
2022-05-15,25.9,23.4,27.8,81.3,,,8.5,,1007.9,
2022-05-16,25.9,24.6,27.4,36.8,,,5.1,,1006.7,
2022-05-17,25.6,24.4,27.0,73.1,,,10.5,,1004.4,
2022-05-18,25.5,24.4,27.0,88.3,,,10.2,,1005.6,
2022-05-19,25.6,23.8,28.4,57.2,,,10.9,,1008.5,
2022-05-20,25.8,24.4,30.2,37.4,,,7.1,,1009.5,
2022-05-21,25.9,24.1,30.6,37.8,,,7.2,,1009.2,
2022-05-22,26.0,24.4,29.8,12.6,,,7.6,,1008.2,
2022-05-23,25.8,23.5,28.4,23.2,,,7.3,,1007.1,
2022-05-24,26.3,24.6,29.2,12.8,,,6.8,,1008.8,
2022-05-25,27.2,25.5,29.8,5.3,,,6.4,,1009.6,
2022-05-26,26.9,25.0,30.0,11.2,,,6.7,,1009.6,
2022-05-27,27.0,24.0,30.0,8.2,,,6.9,,1009.3,
2022-05-28,26.3,24.5,31.0,12.0,,,4.7,,1009.5,
2022-05-29,26.3,24.9,28.6,7.2,,,6.4,,1008.9,
2022-05-30,26.9,24.6,30.8,1.8,,,6.1,,1008.1,
2022-05-31,26.8,24.1,30.4,7.4,,,7.2,,1007.8,
2022-06-01,26.5,23.9,29.2,4.5,,,6.7,,1007.8,
2022-06-02,26.8,24.8,29.8,10.0,,,7.5,,1007.8,
2022-06-03,26.9,24.7,31.2,12.4,,,7.2,,1007.6,
2022-06-04,27.3,25.0,31.4,4.0,,,6.0,,1006.8,
2022-06-05,27.0,24.7,30.6,7.8,,,5.8,,1006.9,
2022-06-06,27.1,24.9,30.8,3.9,,,6.4,,1007.3,
2022-06-07,25.9,23.7,28.6,12.3,,,7.5,,1008.7,
2022-06-08,26.3,24.1,32.0,13.9,,,6.8,,1008.7,
2022-06-09,26.7,24.6,30.4,17.8,,,6.6,,1008.3,
2022-06-10,26.1,24.5,30.0,5.0,,,6.1,,1009.0,
2022-06-11,26.1,24.0,30.4,10.9,,,7.1,,1009.7,
2022-06-12,25.6,23.9,29.8,12.2,,,6.3,,1009.7,
2022-06-13,26.7,24.2,31.4,7.2,,,6.6,,1009.8,
2022-06-14,26.8,23.9,31.0,7.6,,,8.2,,1009.0,
2022-06-15,26.0,24.6,28.8,10.9,,,6.9,,1008.5,
2022-06-16,26.0,23.6,29.8,18.7,,,8.0,,1008.4,
2022-06-17,25.8,24.0,30.6,14.7,,,5.5,,1007.9,
2022-06-18,25.6,23.7,29.4,27.8,,,5.7,,1008.2,
2022-06-19,26.3,23.9,30.6,4.1,,,6.2,,1008.8,
2022-06-20,26.3,24.2,30.4,22.8,,,6.2,,1008.3,
2022-06-21,25.7,24.0,29.6,8.6,,,6.0,,1007.6,
2022-06-22,25.9,23.4,30.2,8.9,,,5.9,,1008.7,
2022-06-23,25.9,24.4,30.4,16.0,,,6.2,,1009.4,
2022-06-24,26.0,23.9,30.0,28.9,,,8.4,,1008.9,
2022-06-25,25.7,23.8,27.6,15.9,,,10.1,,1007.9,
2022-06-26,26.7,24.0,30.8,5.3,,,8.4,,1007.7,
2022-06-27,26.0,24.2,29.6,9.6,,,7.6,,1009.1,
2022-06-28,25.4,23.6,29.6,11.0,,,8.0,,1009.2,
2022-06-29,25.7,24.0,27.6,7.3,,,9.2,,1008.1,
2022-06-30,25.3,24.2,27.8,13.8,,,10.1,,1008.1,
2022-07-01,25.7,23.6,28.2,8.3,,,13.1,,1008.0,
2022-07-02,26.2,24.2,29.6,9.1,,,11.5,,1007.0,
2022-07-03,25.1,23.8,27.2,34.3,,,11.9,,1008.1,
2022-07-04,25.5,23.4,27.8,14.0,,,11.6,,1008.3,
2022-07-05,24.9,24.1,26.5,11.8,,,9.9,,1007.7,
2022-07-06,24.6,23.4,26.8,12.9,,,8.1,,1008.5,
2022-07-07,24.5,23.5,26.6,27.4,,,6.1,,1010.7,
2022-07-08,25.5,23.8,29.8,6.4,,,10.6,,1009.8,
2022-07-09,24.9,24.1,26.0,17.9,,,10.3,,1008.7,
2022-07-10,25.4,24.0,28.4,7.5,,,11.7,,1009.0,
2022-07-11,25.0,23.0,28.6,13.1,,,10.1,,1011.2,
2022-07-12,25.3,23.7,28.6,22.1,,,9.0,,1010.9,
2022-07-13,25.4,24.0,27.6,16.9,,,10.7,,1009.0,
2022-07-14,25.9,23.7,29.2,20.3,,,13.1,,1007.6,
2022-07-15,25.5,22.9,28.2,30.1,,,9.8,,1008.1,
2022-07-16,25.6,23.7,29.6,12.0,,,5.6,,1008.5,
2022-07-17,25.7,24.2,29.7,7.7,,,8.5,,1008.8,
2022-07-18,25.3,22.8,28.1,9.5,,,10.6,,1009.3,
2022-07-19,25.7,23.0,28.7,3.6,,,13.0,,1009.1,
2022-07-20,26.1,24.9,28.0,20.9,,,12.7,,1008.7,
2022-07-21,26.5,25.0,29.2,5.5,,,15.1,,1008.5,
2022-07-22,25.7,24.9,27.1,4.9,,,12.2,,1009.4,
2022-07-23,25.3,24.2,26.8,13.3,,,9.0,,1009.2,
2022-07-24,25.8,23.3,29.0,5.6,,,10.3,,1009.1,
2022-07-25,26.4,24.4,29.6,1.5,,,11.0,,1009.0,
2022-07-26,26.4,24.3,29.4,5.9,,,10.4,,1009.3,
2022-07-27,26.2,24.8,28.8,5.3,,,11.1,,1008.5,
2022-07-28,26.0,24.0,29.4,2.4,,,7.6,,1008.6,
2022-07-29,26.6,24.8,29.6,2.1,,,6.7,,1008.0,
2022-07-30,26.4,24.1,30.0,6.0,,,7.4,,1007.6,
2022-07-31,26.1,24.9,29.0,17.6,,,9.8,,1006.7,
2022-08-01,24.6,23.4,25.4,133.5,,,11.4,,1006.8,
2022-08-02,24.9,23.6,26.0,60.1,,,20.0,,1006.1,
2022-08-03,24.6,23.8,25.2,48.1,,,17.3,,1005.9,
2022-08-04,24.6,23.4,25.3,47.2,,,20.2,,1007.1,
2022-08-05,25.0,23.0,26.6,15.3,,,13.8,,1008.9,
2022-08-06,25.2,23.4,27.8,9.4,,,8.6,,1008.2,
2022-08-07,25.5,24.3,28.4,15.3,,,14.1,,1007.4,
2022-08-08,26.0,24.4,28.2,10.9,,,12.8,,1007.4,
2022-08-09,26.6,25.0,29.8,4.3,,,12.4,,1007.5,
2022-08-10,26.7,25.1,29.2,2.1,,,11.4,,1007.4,
2022-08-11,26.2,23.8,29.6,6.0,,,6.0,,1008.4,
2022-08-12,26.4,23.6,30.4,3.9,,,7.8,,1009.2,
2022-08-13,26.2,23.0,30.2,1.9,,,8.1,,1009.1,
2022-08-14,26.5,24.3,31.0,1.0,,,8.4,,1009.6,
2022-08-15,26.7,24.6,31.0,0.0,,,8.9,,1009.6,
2022-08-16,26.7,24.6,30.0,0.0,,,10.5,,1008.9,
2022-08-17,26.7,25.0,30.2,1.9,,,10.2,,1009.6,
2022-08-18,26.8,25.2,29.8,4.3,,,11.2,,1009.3,
2022-08-19,26.4,24.4,28.8,3.9,,,11.7,,1009.6,
2022-08-20,26.4,24.8,28.0,1.7,,,11.6,,1009.7,
2022-08-21,25.9,24.2,29.8,14.7,,,10.6,,1009.6,
2022-08-22,24.6,23.8,26.2,28.3,,,11.0,,1009.8,
2022-08-23,24.4,23.2,27.6,36.9,,,8.6,,1010.2,
2022-08-24,24.3,23.0,27.0,24.8,,,8.4,,1011.0,
2022-08-25,24.9,23.8,27.8,20.0,,,10.0,,1009.3,
2022-08-26,25.5,24.2,27.4,12.8,,,11.5,,1008.2,
2022-08-27,24.6,23.4,26.4,30.0,,,8.9,,1008.8,
2022-08-28,25.4,23.4,28.2,8.7,,,8.9,,1007.9,
2022-08-29,25.6,23.9,28.2,10.1,,,12.5,,1008.0,
2022-08-30,25.4,24.2,27.6,5.2,,,9.5,,1007.9,
2022-08-31,25.3,24.1,28.8,5.5,,,6.7,,1007.2,
2022-09-01,25.0,23.4,27.6,12.4,,,9.3,,1007.7,
2022-09-02,25.3,22.9,29.9,13.1,,,12.0,,1008.4,
2022-09-03,26.1,24.0,30.0,3.2,,,9.8,,1008.5,
2022-09-04,26.2,24.6,29.6,9.2,,,7.2,,1008.3,
2022-09-05,26.1,24.2,30.0,21.1,,,8.9,,1007.8,
2022-09-06,25.2,23.5,27.8,23.2,,,12.1,,1008.4,
2022-09-07,25.0,23.8,27.4,19.3,,,12.0,,1009.7,
2022-09-08,25.7,24.3,28.8,14.0,,,10.8,,1009.3,
2022-09-09,25.8,24.1,29.0,18.1,,,12.0,,1009.1,
2022-09-10,25.5,23.8,29.0,19.1,,,11.1,,1009.6,
2022-09-11,26.0,24.1,29.2,12.7,,,9.9,,1009.3,
2022-09-12,25.8,23.6,29.4,13.4,,,6.6,,1009.1,
2022-09-13,26.0,23.6,29.2,2.1,,,7.0,,1010.2,
2022-09-14,26.1,23.9,30.0,2.3,,,6.1,,1011.8,
2022-09-15,26.4,24.0,30.0,0.8,,,7.5,,1012.5,
2022-09-16,26.3,23.6,30.2,1.2,,,9.5,,1010.5,
2022-09-17,26.1,24.4,29.7,4.4,,,7.6,,1010.3,
2022-09-18,26.6,24.5,30.2,1.4,,,7.0,,1010.7,
2022-09-19,26.2,24.1,30.4,2.6,,,9.8,,1010.9,
2022-09-20,26.5,24.6,30.4,2.0,,,9.5,,1010.3,
2022-09-21,26.5,23.9,30.2,1.5,,,7.2,,1010.2,
2022-09-22,26.2,23.1,30.6,0.7,,,7.7,,1010.7,
2022-09-23,26.2,23.2,31.2,0.7,,,7.4,,1011.4,
2022-09-24,26.4,24.0,30.6,1.0,,,8.6,,1010.6,
2022-09-25,26.8,24.6,31.2,2.2,,,10.8,,1009.0,
2022-09-26,26.5,23.7,30.0,3.9,,,10.6,,1010.0,
2022-09-27,26.7,24.6,30.2,0.8,,,15.2,,1009.3,
2022-09-28,26.3,23.9,30.7,1.2,,,8.7,,1008.5,
2022-09-29,26.3,24.3,29.7,4.1,,,7.7,,1008.6,
2022-09-30,26.1,24.4,30.6,4.3,,,7.3,,1009.9,
2022-10-01,25.5,22.7,29.5,1.4,,,8.4,,1010.2,
2022-10-02,25.8,23.5,29.5,8.4,,,7.8,,1009.7,
2022-10-03,25.5,23.0,28.7,11.2,,,8.2,,1009.2,
2022-10-04,26.2,23.1,29.5,0.9,,,10.2,,1009.0,
2022-10-05,25.8,22.8,28.5,27.1,,,8.5,,1008.8,
2022-10-06,25.5,23.5,29.2,3.7,,,6.8,,1008.6,
2022-10-07,25.5,23.7,30.2,4.7,,,6.1,,1009.1,
2022-10-08,25.9,23.3,29.8,0.2,,,6.7,,1009.2,
2022-10-09,25.8,23.2,29.0,1.1,,,6.6,,1009.4,
2022-10-10,26.1,23.9,30.4,0.0,,,5.5,,1010.1,
2022-10-11,26.2,23.3,29.8,0.0,,,5.4,,1009.7,
2022-10-12,26.4,23.7,30.2,0.8,,,6.5,,1010.2,
2022-10-13,26.1,23.5,29.8,3.7,,,7.0,,1009.8,
2022-10-14,25.8,23.0,29.0,2.4,,,5.8,,1009.5,
2022-10-15,26.3,23.7,30.4,3.3,,,5.6,,1008.1,
2022-10-16,25.8,23.2,30.2,12.3,,,9.4,,1009.9,
2022-10-17,25.4,23.5,29.2,12.0,,,10.6,,1011.6,
2022-10-18,24.9,23.0,29.0,34.7,,,8.0,,1012.2,
2022-10-19,25.1,22.9,29.2,37.6,,,6.6,,1011.6,
2022-10-20,25.2,22.6,28.0,5.2,,,6.4,,1011.4,
2022-10-21,25.5,23.2,29.0,0.6,,,5.9,,1012.0,
2022-10-22,26.1,23.3,29.8,0.2,,,4.9,,1012.1,
2022-10-23,26.2,23.2,31.0,1.9,,,6.1,,1012.1,
2022-10-24,26.0,23.2,30.2,1.6,,,5.1,,1011.0,
2022-10-25,26.3,23.5,30.4,0.1,,,7.1,,1010.9,
2022-10-26,26.1,22.0,30.0,0.0,,,6.3,,1011.8,
2022-10-27,26.4,22.8,30.6,0.9,,,5.5,,1011.2,
2022-10-28,26.5,23.2,31.2,0.0,,,6.3,,1009.8,
2022-10-29,26.1,23.6,30.4,2.1,,,6.6,,1009.7,
2022-10-30,26.0,24.3,28.4,11.7,,,4.1,,1010.2,
2022-10-31,25.8,22.8,30.0,13.5,,,8.6,,1010.0,
2022-11-01,25.6,23.7,29.0,5.2,,,5.0,,1011.0,
2022-11-02,25.8,22.8,31.0,3.8,,,6.2,,1010.3,
2022-11-03,25.6,22.4,29.6,1.0,,,6.1,,1009.8,
2022-11-04,25.7,23.4,31.0,12.0,,,6.0,,1010.9,
2022-11-05,25.7,23.1,29.0,8.0,,,4.7,,1012.5,
2022-11-06,25.4,22.9,30.4,20.3,,,5.2,,1013.1,
2022-11-07,26.0,23.0,29.8,1.5,,,4.4,,1012.4,
2022-11-08,26.0,23.3,29.6,15.1,,,5.3,,1011.3,
2022-11-09,26.2,23.8,31.0,2.8,,,4.7,,1011.0,
2022-11-10,26.5,23.3,31.8,1.6,,,5.3,,1010.5,
2022-11-11,25.7,23.3,30.0,2.7,,,5.4,,1010.5,
2022-11-12,25.0,22.8,28.8,16.7,,,6.2,,1010.3,
2022-11-13,25.6,23.2,30.6,12.7,,,6.8,,1010.4,
2022-11-14,25.3,22.6,30.4,19.1,,,6.1,,1011.9,
2022-11-15,25.6,22.8,28.6,7.6,,,5.6,,1012.4,
2022-11-16,26.0,23.2,30.6,1.2,,,5.3,,1011.2,
2022-11-17,26.0,22.5,29.8,2.6,,,5.6,,1010.6,
2022-11-18,25.6,22.1,29.4,0.0,,,6.1,,1010.7,
2022-11-19,25.9,22.2,31.0,0.0,,,5.5,,1010.2,
2022-11-20,25.7,22.8,30.2,0.0,,,5.7,,1009.4,
2022-11-21,25.6,21.9,29.8,1.1,,,7.6,,1009.5,
2022-11-22,25.7,22.3,30.2,0.3,,,6.7,,1010.0,
2022-11-23,26.1,22.7,30.4,0.6,,,5.1,,1010.9,
2022-11-24,25.7,22.0,29.8,0.0,,,6.8,,1010.6,
2022-11-25,26.1,22.3,30.6,0.0,,,6.5,,1011.0,
2022-11-26,26.5,23.5,31.2,0.5,,,6.6,,1010.6,
2022-11-27,25.4,23.3,29.4,3.6,,,5.8,,1009.2,
2022-11-28,25.8,23.1,30.0,3.4,,,5.7,,1009.6,
2022-11-29,25.5,23.2,30.6,4.2,,,5.5,,1010.3,
2022-11-30,26.2,23.3,29.6,1.1,,,5.6,,1010.4,
2022-12-01,26.1,23.0,31.0,0.1,,,5.7,,1010.0,
2022-12-02,26.5,23.4,29.2,8.2,,,4.8,,1009.7,
2022-12-03,26.4,23.7,30.2,4.0,,,5.4,,1009.8,
2022-12-04,26.0,23.4,31.8,3.2,,,4.4,,1010.6,
2022-12-05,26.6,23.4,31.6,8.6,,,5.5,,1010.4,
2022-12-06,26.5,23.0,30.2,0.6,,,5.7,,1010.0,
2022-12-07,26.1,23.2,29.4,1.5,,,4.8,,1009.7,
2022-12-08,26.1,23.4,29.0,0.0,,,6.3,,1009.0,
2022-12-09,25.6,22.2,29.1,1.5,,,8.0,,1007.7,
2022-12-10,24.9,21.7,29.6,5.6,,,8.6,,1007.9,
2022-12-11,24.0,22.4,25.2,31.1,,,8.8,,1009.1,
2022-12-12,24.6,22.7,28.8,10.1,,,7.3,,1009.5,
2022-12-13,25.8,22.5,30.0,0.3,,,7.6,,1010.1,
2022-12-14,25.5,22.6,30.6,14.2,,,6.0,,1010.9,
2022-12-15,25.2,21.8,29.4,0.0,,,6.7,,1009.9,
2022-12-16,25.3,20.7,30.4,0.0,,,6.3,,1009.4,
2022-12-17,26.0,21.6,31.6,0.0,,,5.1,,1009.5,
2022-12-18,26.0,21.4,31.0,0.0,,,4.6,,1008.7,
2022-12-19,26.4,22.5,32.4,0.0,,,5.5,,1008.2,
2022-12-20,26.7,23.4,31.0,0.0,,,5.3,,1007.6,
2022-12-21,27.0,23.5,31.4,0.0,,,13.9,,1007.7,
2022-12-22,26.2,21.8,30.8,0.0,,,8.8,,1008.6,
2022-12-23,26.0,21.7,30.8,0.0,,,5.9,,1009.0,
2022-12-24,26.0,22.6,30.2,0.0,,,7.1,,1009.7,
2022-12-25,26.5,22.0,31.0,0.0,,,5.9,,1009.4,
2022-12-26,27.0,23.3,32.2,0.8,,,4.8,,1010.3,
2022-12-27,27.1,24.2,31.4,1.3,,,4.9,,1011.7,
2022-12-28,27.1,23.8,32.0,1.1,,,5.3,,1013.3,
2022-12-29,26.9,23.1,32.4,0.0,,,6.2,,1014.5,
2022-12-30,26.7,21.8,31.6,0.0,,,6.9,,1015.5,
2022-12-31,25.9,21.0,31.0,0.0,,,6.8,,1015.2,
2023-01-01,25.8,20.8,31.2,0.0,,,7.2,,1014.3,
2023-01-02,25.3,20.8,31.0,0.0,,,7.3,,1013.9,
2023-01-03,25.5,20.2,30.8,0.0,,,6.0,,1014.1,
2023-01-04,25.7,20.7,31.4,0.0,,,6.9,,1012.8,
2023-01-05,25.8,21.0,31.0,0.0,,,8.1,,1013.0,
2023-01-06,26.2,21.7,31.4,0.0,,,5.6,,1013.4,
2023-01-07,26.8,23.1,31.6,0.0,,,5.8,,1012.7,
2023-01-08,26.8,23.0,31.4,0.0,,,6.3,,1012.3,
2023-01-09,26.9,23.3,31.4,0.0,,,6.9,,1013.3,
2023-01-10,25.7,20.4,31.2,0.0,,,7.4,,1013.0,
2023-01-11,25.1,20.1,29.8,0.0,,,10.0,,1012.1,
2023-01-12,24.7,20.3,28.8,0.0,,,11.1,,1011.4,
2023-01-13,24.8,20.0,29.2,0.0,,,10.0,,1011.8,
2023-01-14,25.2,20.5,30.0,0.0,,,10.0,,1011.8,
2023-01-15,25.7,21.4,30.6,0.0,,,9.5,,1010.9,
2023-01-16,25.8,21.2,30.4,0.0,,,9.6,,1011.2,
2023-01-17,25.9,22.2,30.0,0.0,,,9.0,,1011.8,
2023-01-18,25.9,20.9,31.0,0.0,,,9.4,,1012.2,
2023-01-19,25.9,20.7,30.6,0.0,,,10.6,,1012.2,
2023-01-20,25.4,20.1,30.8,0.0,,,11.8,,1012.4,
2023-01-21,25.8,20.9,32.0,0.0,,,13.5,,1011.7,
2023-01-22,25.7,20.9,30.2,0.0,,,10.5,,1010.7,
2023-01-23,26.8,23.7,30.1,0.0,,,12.0,,1010.1,
2023-01-24,26.2,23.6,29.8,28.3,,,9.2,,1010.8,
2023-01-25,25.8,22.4,29.6,0.0,,,9.4,,1010.5,
2023-01-26,25.9,21.6,30.2,0.0,,,10.2,,1010.6,
2023-01-27,25.9,22.3,30.8,0.1,,,8.9,,1010.5,
2023-01-28,25.8,21.5,30.4,0.0,,,9.7,,1009.6,
2023-01-29,25.4,20.2,30.8,0.0,,,10.0,,1009.2,
2023-01-30,26.1,21.9,31.0,4.3,,,11.2,,1010.2,
2023-01-31,26.7,23.2,31.0,2.7,,,14.5,,1010.0,
2023-02-01,26.6,22.7,32.0,0.0,,,9.8,,1009.0,
2023-02-02,26.6,23.2,30.4,0.1,,,11.0,,1009.3,
2023-02-03,26.2,22.3,29.8,0.2,,,9.3,,1010.0,
2023-02-04,26.4,23.1,31.2,0.2,,,9.8,,1009.6,
2023-02-05,26.8,23.2,31.8,0.0,,,9.2,,1009.5,
2023-02-06,26.3,21.5,30.6,0.0,,,10.3,,1010.2,
2023-02-07,26.0,22.1,30.0,0.0,,,8.8,,1010.7,
2023-02-08,26.8,22.2,31.2,0.0,,,10.1,,1010.0,
2023-02-09,26.6,22.7,29.8,0.0,,,10.0,,1011.2,
2023-02-10,26.9,22.6,31.6,0.0,,,10.7,,1011.9,
2023-02-11,26.0,20.7,30.1,0.0,,,10.2,,1012.3,
2023-02-12,26.4,21.9,30.0,0.0,,,10.0,,1012.4,
2023-02-13,26.3,20.8,30.8,0.0,,,10.5,,1011.9,
2023-02-14,26.4,21.1,30.8,0.0,,,11.3,,1012.3,
2023-02-15,26.5,21.2,32.2,0.0,,,11.2,,1010.6,
2023-02-16,26.7,21.6,30.8,0.0,,,10.7,,1010.3,
2023-02-17,26.4,21.7,31.1,0.0,,,11.5,,1011.2,
2023-02-18,26.5,22.2,30.4,0.0,,,14.5,,1011.8,
2023-02-19,26.8,21.6,31.4,0.0,,,13.0,,1011.8,
2023-02-20,27.2,22.2,32.6,0.0,,,10.8,,1012.1,
2023-02-21,27.7,23.1,31.4,0.0,,,10.6,,1012.0,
2023-02-22,27.6,23.5,31.0,0.0,,,11.9,,1011.3,
2023-02-23,27.0,22.8,31.4,0.0,,,13.2,,1011.1,
2023-02-24,27.0,21.9,31.8,0.0,,,10.8,,1012.0,
2023-02-25,27.5,22.7,32.2,0.0,,,9.6,,1013.3,
2023-02-26,27.4,22.1,32.1,0.0,,,12.0,,1013.7,
2023-02-27,26.9,21.4,31.8,0.0,,,11.2,,1014.1,
2023-02-28,26.7,20.4,30.8,0.0,,,11.4,,1013.6,
2023-03-01,28.0,23.5,32.7,0.1,,,10.6,,1013.2,
2023-03-02,28.3,23.3,33.4,0.0,,,11.4,,1013.8,
2023-03-03,27.5,21.8,33.4,0.0,,,10.8,,1014.1,
2023-03-04,27.4,21.5,31.6,0.0,,,10.4,,1014.1,
2023-03-05,28.3,23.6,32.4,0.0,,,10.1,,1013.8,
2023-03-06,28.3,23.9,32.0,0.0,,,10.8,,1012.7,
2023-03-07,27.9,23.6,31.7,0.0,,,9.6,,1011.9,
2023-03-08,28.0,22.8,33.6,0.0,,,11.4,,1011.1,
2023-03-09,28.4,24.0,33.0,0.3,,,10.5,,1010.8,
2023-03-10,28.4,24.3,32.3,0.0,,,12.0,,1010.7,
2023-03-11,28.1,24.4,31.9,0.0,,,11.2,,1010.8,
2023-03-12,28.5,24.3,33.0,0.0,,,11.1,,1010.4,
2023-03-13,28.6,24.3,32.2,0.4,,,10.0,,1009.8,
2023-03-14,29.0,25.2,33.4,3.9,,,11.6,,1009.0,
2023-03-15,27.4,23.4,32.2,2.8,,,9.9,,1009.3,
2023-03-16,27.3,24.0,31.8,0.9,,,8.6,,1010.1,
2023-03-17,27.4,23.7,32.4,1.8,,,10.8,,1010.0,
2023-03-18,27.6,23.6,31.6,1.6,,,10.1,,1009.7,
2023-03-19,26.5,22.0,31.8,3.9,,,8.4,,1009.7,
2023-03-20,27.6,24.2,31.2,1.8,,,10.5,,1009.2,
2023-03-21,28.0,23.7,31.8,0.0,,,15.0,,1008.7,
2023-03-22,27.7,23.6,31.8,0.0,,,14.4,,1009.3,
2023-03-23,28.2,24.2,32.1,0.0,,,11.7,,1009.1,
2023-03-24,28.0,25.1,31.8,1.3,,,9.9,,1009.7,
2023-03-25,28.3,24.5,32.4,0.4,,,7.2,,1010.4,
2023-03-26,28.1,24.6,32.6,2.8,,,9.1,,1010.3,
2023-03-27,28.3,24.2,32.4,0.0,,,12.5,,1009.8,
2023-03-28,28.8,25.2,32.2,0.0,,,13.7,,1009.2,
2023-03-29,28.4,25.2,31.4,5.1,,,11.1,,1010.6,
2023-03-30,28.3,23.5,31.4,3.0,,,12.9,,1010.2,
2023-03-31,28.1,24.1,32.2,0.0,,,14.1,,1009.3,
2023-04-01,28.3,24.7,31.8,0.2,,,14.0,,1009.6,
2023-04-02,28.0,24.1,31.8,2.0,,,12.0,,1009.8,
2023-04-03,28.4,24.7,32.0,5.9,,,13.8,,1009.3,
2023-04-04,27.4,24.4,32.0,1.0,,,15.8,,1010.2,
2023-04-05,27.8,24.3,31.3,3.5,,,9.7,,1009.7,
2023-04-06,28.2,24.1,32.4,0.7,,,9.0,,1009.9,
2023-04-07,28.2,24.6,31.8,1.4,,,8.7,,1011.1,
2023-04-08,28.1,24.2,32.0,2.7,,,9.3,,1012.1,
2023-04-09,27.8,24.9,32.0,4.4,,,9.9,,1012.5,
2023-04-10,28.2,24.1,32.6,0.0,,,10.1,,1011.0,
2023-04-11,29.0,25.3,33.2,0.3,,,10.7,,1011.1,
2023-04-12,28.8,24.9,32.8,1.7,,,10.1,,1010.8,
2023-04-13,29.2,25.0,33.6,0.1,,,10.8,,1010.7,
2023-04-14,29.3,25.6,32.8,1.0,,,10.8,,1010.8,
2023-04-15,29.5,26.0,32.8,0.3,,,10.4,,1010.0,
2023-04-16,29.4,25.4,33.0,0.2,,,10.0,,1009.0,
2023-04-17,29.2,25.5,32.8,0.7,,,12.0,,1009.1,
2023-04-18,29.4,25.6,33.6,1.8,,,10.3,,1009.9,
2023-04-19,29.3,26.1,32.4,0.5,,,9.9,,1008.7,
2023-04-20,29.3,25.3,32.8,1.1,,,9.5,,1007.2,
2023-04-21,28.6,26.0,32.6,4.2,,,9.8,,1007.1,
2023-04-22,28.3,25.0,33.4,0.4,,,12.0,,1007.0,
2023-04-23,28.5,24.9,32.4,1.3,,,10.6,,1007.1,
2023-04-24,28.9,26.1,32.9,4.8,,,10.0,,1007.8,
2023-04-25,27.8,24.8,32.2,13.3,,,8.1,,1009.0,
2023-04-26,27.3,24.6,32.8,12.9,,,7.9,,1008.8,
2023-04-27,27.8,24.8,33.0,11.3,,,8.5,,1008.4,
2023-04-28,27.9,24.8,33.0,5.9,,,9.4,,1009.2,
2023-04-29,27.0,24.4,32.2,13.6,,,9.2,,1008.8,
2023-04-30,27.1,24.6,32.2,11.8,,,7.8,,1007.5,
2023-05-01,26.6,24.0,31.6,30.2,,,10.6,,1007.7,
2023-05-02,26.9,24.1,30.8,6.4,,,10.8,,1008.3,
2023-05-03,27.3,24.1,30.6,2.0,,,11.1,,1009.7,
2023-05-04,28.3,25.2,30.4,0.0,,,13.2,,1008.9,
2023-05-05,27.9,25.5,31.0,2.0,,,8.9,,1008.5,
2023-05-06,27.8,25.6,31.4,1.5,,,8.7,,1008.3,
2023-05-07,27.2,24.3,30.8,3.3,,,7.4,,1008.6,
2023-05-08,28.2,25.6,30.8,1.2,,,15.7,,1007.8,
2023-05-09,27.4,24.6,32.4,13.0,,,9.0,,1008.1,
2023-05-10,27.9,24.7,32.6,5.5,,,9.7,,1007.3,
2023-05-11,27.4,24.1,32.2,4.4,,,8.9,,1009.0,
2023-05-12,27.8,24.5,32.0,10.7,,,10.3,,1009.5,
2023-05-13,28.2,26.0,31.2,0.6,,,11.5,,1010.4,
2023-05-14,28.6,25.7,33.0,5.5,,,10.5,,1009.6,
2023-05-15,28.8,26.0,32.2,3.0,,,11.9,,1009.7,
2023-05-16,29.4,26.4,31.7,1.4,,,15.2,,1009.7,
2023-05-17,29.4,26.6,32.6,1.7,,,11.7,,1010.2,
2023-05-18,28.8,26.4,32.6,6.4,,,9.1,,1011.0,
2023-05-19,27.7,24.9,32.2,16.8,,,7.9,,1011.0,
2023-05-20,28.1,25.3,32.4,4.1,,,7.7,,1010.2,
2023-05-21,27.7,25.2,32.0,9.0,,,9.2,,1010.8,
2023-05-22,27.6,25.1,32.4,3.9,,,9.5,,1011.2,
2023-05-23,27.8,24.8,32.6,2.7,,,9.7,,1011.7,
2023-05-24,28.3,25.2,32.8,1.6,,,9.0,,1011.7,
2023-05-25,28.2,25.5,32.8,3.4,,,8.8,,1012.4,
2023-05-26,27.5,24.3,30.4,7.4,,,9.8,,1012.8,
2023-05-27,28.3,25.4,32.4,1.8,,,11.8,,1010.8,
2023-05-28,28.0,22.4,32.4,18.4,,,12.8,,1009.5,
2023-05-29,28.6,26.0,32.8,3.1,,,9.8,,1008.9,
2023-05-30,28.3,26.1,32.6,2.9,,,8.2,,1009.6,
2023-05-31,27.4,25.4,32.0,17.5,,,8.1,,1009.6,
2023-06-01,26.8,24.9,30.6,16.9,,,10.1,,1010.2,
2023-06-02,28.0,25.1,32.2,9.0,,,9.6,,1009.8,
2023-06-03,27.8,24.3,32.6,28.4,,,10.8,,1009.6,
2023-06-04,27.8,24.2,31.8,8.8,,,10.9,,1010.0,
2023-06-05,28.0,24.5,30.3,7.0,,,11.1,,1009.4,
2023-06-06,27.7,23.6,31.0,8.6,,,12.2,,1009.0,
2023-06-07,26.5,23.4,29.4,15.7,,,10.9,,1009.7,
2023-06-08,26.3,23.9,31.4,43.6,,,12.6,,1010.1,
2023-06-09,26.2,24.6,28.6,20.8,,,10.0,,1009.3,
2023-06-10,26.3,23.6,30.0,12.3,,,8.4,,1008.5,
2023-06-11,26.9,25.0,30.2,22.5,,,10.2,,1008.2,
2023-06-12,25.9,24.6,28.1,15.0,,,10.1,,1008.5,
2023-06-13,26.5,25.0,28.8,14.3,,,15.3,,1009.0,
2023-06-14,27.0,24.8,29.8,6.1,,,14.2,,1010.4,
2023-06-15,27.4,24.8,30.2,2.6,,,15.5,,1010.0,
2023-06-16,28.2,25.6,31.2,1.3,,,17.3,,1009.6,
2023-06-17,26.6,24.5,28.6,5.3,,,11.1,,1009.9,
2023-06-18,26.4,24.0,29.2,9.5,,,11.4,,1009.7,
2023-06-19,26.2,24.6,29.0,14.3,,,12.9,,1008.2,
2023-06-20,26.3,24.6,28.0,4.5,,,9.0,,1007.5,
2023-06-21,26.4,24.7,28.2,6.1,,,9.8,,1008.1,
2023-06-22,26.7,24.5,30.4,6.2,,,11.8,,1008.4,
2023-06-23,26.5,24.2,31.0,2.9,,,9.8,,1009.0,
2023-06-24,27.1,24.5,31.2,1.0,,,10.3,,1008.5,
2023-06-25,26.0,24.0,30.8,20.3,,,11.4,,1008.6,
2023-06-26,25.9,24.2,29.0,20.2,,,12.9,,1009.7,
2023-06-27,24.9,23.8,26.2,48.5,,,15.8,,1010.4,
2023-06-28,26.1,23.4,29.8,19.4,,,12.9,,1010.8,
2023-06-29,25.6,23.4,29.0,19.0,,,11.6,,1011.8,
2023-06-30,26.5,24.2,30.0,6.6,,,16.2,,1011.1,
2023-07-01,27.0,24.0,31.0,4.5,,,13.2,,1010.8,
2023-07-02,25.8,24.0,28.0,26.7,,,15.4,,1010.6,
2023-07-03,24.6,23.5,26.6,47.0,,,23.8,,1010.3,
2023-07-04,24.8,23.8,26.5,73.1,,,23.1,,1009.1,
2023-07-05,24.8,23.6,26.2,71.1,,,22.8,,1008.1,
2023-07-06,24.9,23.8,27.0,66.2,,,15.2,,1009.9,
2023-07-07,25.2,23.3,29.6,41.1,,,12.1,,1011.4,
2023-07-08,25.2,23.9,27.0,27.5,,,12.3,,1011.9,
2023-07-09,26.5,23.6,30.6,2.6,,,10.1,,1010.6,
2023-07-10,26.2,24.0,30.2,5.5,,,9.4,,1009.8,
2023-07-11,26.0,24.4,28.6,2.2,,,9.1,,1009.5,
2023-07-12,26.2,23.9,29.8,6.8,,,11.5,,1009.5,
2023-07-13,25.6,23.7,28.6,27.4,,,15.0,,1010.3,
2023-07-14,25.9,23.8,30.0,8.2,,,13.7,,1011.3,
2023-07-15,26.6,24.7,29.4,1.0,,,14.9,,1010.8,
2023-07-16,26.8,24.9,30.4,6.5,,,13.8,,1010.1,
2023-07-17,26.3,24.6,29.6,4.6,,,13.5,,1010.1,
2023-07-18,26.5,24.1,30.6,10.1,,,15.9,,1010.0,
2023-07-19,25.9,23.9,29.2,22.7,,,16.2,,1009.1,
2023-07-20,27.0,23.6,30.6,10.8,,,18.2,,1008.9,
2023-07-21,27.2,24.9,30.2,7.0,,,19.0,,1009.7,
2023-07-22,25.9,23.7,29.8,18.6,,,17.4,,1011.5,
2023-07-23,24.9,23.6,27.1,16.4,,,15.2,,1011.3,
2023-07-24,24.9,23.2,28.6,12.8,,,11.7,,1010.5,
2023-07-25,24.5,23.4,27.0,3.1,,,14.9,,1010.7,
2023-07-26,25.1,23.5,27.6,4.1,,,11.0,,1011.7,
2023-07-27,25.7,23.6,29.0,4.6,,,12.1,,1012.1,
2023-07-28,26.4,24.0,29.2,2.6,,,15.4,,1011.4,
2023-07-29,26.8,24.8,29.6,1.3,,,17.6,,1011.1,
2023-07-30,26.7,24.2,29.8,0.7,,,16.4,,1010.7,
2023-07-31,26.8,24.9,30.0,0.8,,,16.6,,1010.6,
2023-08-01,26.9,24.5,30.0,1.2,,,15.4,,1011.1,
2023-08-02,26.9,25.2,30.2,2.3,,,14.7,,1011.8,
2023-08-03,27.0,25.2,30.0,4.3,,,16.7,,1011.2,
2023-08-04,26.2,23.9,30.6,3.8,,,18.3,,1012.6,
2023-08-05,26.7,24.3,30.4,1.9,,,14.0,,1013.4,
2023-08-06,26.8,24.5,30.0,0.9,,,15.3,,1012.4,
2023-08-07,26.8,24.8,29.8,2.4,,,17.7,,1010.5,
2023-08-08,26.5,24.2,29.0,5.2,,,14.1,,1010.7,
2023-08-09,26.7,24.0,30.4,1.4,,,13.9,,1011.6,
2023-08-10,26.7,24.4,28.8,2.1,,,16.1,,1011.8,
2023-08-11,27.0,25.1,30.0,2.0,,,16.9,,1010.8,
2023-08-12,26.8,24.9,29.6,4.9,,,15.5,,1011.1,
2023-08-13,26.6,24.8,29.4,0.8,,,17.5,,1010.7,
2023-08-14,26.8,24.2,30.4,1.2,,,12.5,,1011.0,
2023-08-15,26.5,23.8,30.6,2.0,,,9.2,,1011.3,
2023-08-16,26.6,23.4,30.8,0.2,,,8.4,,1011.4,
2023-08-17,26.8,24.2,30.6,4.5,,,9.8,,1010.8,
2023-08-18,26.5,24.6,30.4,5.4,,,11.1,,1010.9,
2023-08-19,26.2,23.8,30.0,1.6,,,10.5,,1010.5,
2023-08-20,26.8,24.3,30.6,1.1,,,12.8,,1009.7,
2023-08-21,27.1,24.6,30.0,1.2,,,14.2,,1008.8,
2023-08-22,27.4,24.8,31.4,2.5,,,14.3,,1008.7,
2023-08-23,27.3,24.9,30.4,0.9,,,11.7,,1009.3,
2023-08-24,26.8,24.3,29.8,1.9,,,9.1,,1009.4,
2023-08-25,27.0,24.1,30.8,2.2,,,7.5,,1009.5,
2023-08-26,27.1,24.2,30.8,1.0,,,8.7,,1010.3,
2023-08-27,27.2,25.0,31.4,2.9,,,9.3,,1010.8,
2023-08-28,27.3,24.6,32.0,13.3,,,8.8,,1010.5,
2023-08-29,26.7,23.3,30.8,6.9,,,12.5,,1009.5,
2023-08-30,26.7,24.0,29.4,5.9,,,12.9,,1010.0,
2023-08-31,27.2,24.9,31.2,2.4,,,9.3,,1009.4,
2023-09-01,27.1,23.8,31.0,9.7,,,10.0,,1009.5,
2023-09-02,26.1,24.3,28.2,6.7,,,9.9,,1010.0,
2023-09-03,25.7,24.3,29.6,23.0,,,10.0,,1009.1,
2023-09-04,25.2,23.3,27.8,37.8,,,13.0,,1008.3,
2023-09-05,25.2,24.1,28.8,12.4,,,11.7,,1008.6,
2023-09-06,25.2,24.0,30.4,8.9,,,17.1,,1009.2,
2023-09-07,24.8,24.0,27.4,38.1,,,12.4,,1010.2,
2023-09-08,25.3,23.0,29.2,16.5,,,11.5,,1011.3,
2023-09-09,25.5,23.9,27.8,17.7,,,13.1,,1010.6,
2023-09-10,25.3,23.9,27.6,28.1,,,13.5,,1010.2,
2023-09-11,25.5,23.2,29.8,37.2,,,14.3,,1010.3,
2023-09-12,26.2,23.2,30.8,10.0,,,14.2,,1010.2,
2023-09-13,25.9,23.8,30.2,14.1,,,11.2,,1010.3,
2023-09-14,25.6,23.5,29.8,10.3,,,9.9,,1010.5,
2023-09-15,25.4,24.1,27.0,12.3,,,10.8,,1010.8,
2023-09-16,25.6,23.9,28.2,12.1,,,9.5,,1010.9,
2023-09-17,25.8,23.6,28.3,7.3,,,8.7,,1009.9,
2023-09-18,25.2,23.3,28.6,18.7,,,10.1,,1010.0,
2023-09-19,25.5,23.5,28.8,6.7,,,8.6,,1011.2,
2023-09-20,26.2,23.9,29.8,2.3,,,9.1,,1010.7,
2023-09-21,26.5,23.8,30.8,6.6,,,9.1,,1010.6,
2023-09-22,25.6,23.8,28.4,14.8,,,10.9,,1010.7,
2023-09-23,25.7,23.4,28.4,18.9,,,10.5,,1011.2,
2023-09-24,26.0,23.2,29.6,5.9,,,10.8,,1011.2,
2023-09-25,26.4,23.1,30.2,20.1,,,11.7,,1010.1,
2023-09-26,26.3,24.1,30.2,5.5,,,9.3,,1009.7,
2023-09-27,26.2,23.9,29.8,6.9,,,8.5,,1009.9,
2023-09-28,25.1,23.6,26.9,23.6,,,12.9,,1010.3,
2023-09-29,25.2,24.3,26.3,28.3,,,18.3,,1010.7,
2023-09-30,25.0,23.7,26.6,29.1,,,16.9,,1011.3,
2023-10-01,25.4,24.2,27.0,37.1,,,16.6,,1011.1,
2023-10-02,25.4,23.6,27.6,15.6,,,9.7,,1011.3,
2023-10-03,26.3,23.9,30.2,1.2,,,10.1,,1011.2,
2023-10-04,26.7,24.3,30.6,3.5,,,9.7,,1011.4,
2023-10-05,26.7,23.8,30.6,0.6,,,10.0,,1010.6,
2023-10-06,27.2,24.6,31.0,0.8,,,11.1,,1009.8,
2023-10-07,26.9,24.0,29.5,0.0,,,10.2,,1009.6,
2023-10-08,27.0,23.6,31.0,0.0,,,8.4,,1010.9,
2023-10-09,27.5,24.1,31.4,0.0,,,7.2,,1012.1,
2023-10-10,27.5,24.5,31.0,1.6,,,9.3,,1011.7,
2023-10-11,26.3,24.3,30.4,19.3,,,9.1,,1012.0,
2023-10-12,25.6,23.5,28.6,20.8,,,8.4,,1012.6,
2023-10-13,26.1,23.6,30.2,8.2,,,10.2,,1012.5,
2023-10-14,25.9,23.5,29.6,18.6,,,12.1,,1012.8,
2023-10-15,25.9,23.3,29.0,12.2,,,10.3,,1011.6,
2023-10-16,27.0,24.2,31.2,2.6,,,7.8,,1011.3,
2023-10-17,26.4,23.8,30.6,16.6,,,9.2,,1011.9,
2023-10-18,26.2,23.4,29.6,17.3,,,9.8,,1012.4,
2023-10-19,26.4,23.8,30.6,0.4,,,8.1,,1012.3,
2023-10-20,26.7,23.9,30.8,2.8,,,9.9,,1012.2,
2023-10-21,26.4,23.8,31.0,5.3,,,6.8,,1012.4,
2023-10-22,26.2,23.2,30.6,10.1,,,8.9,,1012.9,
2023-10-23,25.7,22.8,30.6,5.7,,,11.2,,1012.5,
2023-10-24,26.1,22.9,30.6,0.4,,,9.0,,1011.7,
2023-10-25,26.4,23.3,30.6,2.0,,,9.6,,1012.6,
2023-10-26,26.7,24.3,30.2,1.3,,,8.2,,1012.3,
2023-10-27,26.5,23.8,30.6,1.1,,,13.3,,1011.1,
2023-10-28,26.5,23.4,31.0,4.7,,,8.7,,1011.0,
2023-10-29,26.2,23.2,30.4,16.9,,,9.4,,1010.8,
2023-10-30,26.0,23.7,30.2,8.4,,,6.6,,1011.0,
2023-10-31,26.4,24.0,31.0,20.3,,,7.9,,1011.4,
2023-11-01,26.6,23.9,31.0,5.2,,,7.8,,1011.3,
2023-11-02,26.9,23.8,31.2,3.4,,,7.1,,1010.3,
2023-11-03,26.4,23.5,30.8,13.1,,,8.8,,1009.3,
2023-11-04,25.4,23.8,29.0,19.1,,,10.6,,1009.8,
2023-11-05,25.8,23.5,29.2,23.1,,,9.0,,1011.1,
2023-11-06,26.7,23.6,31.2,0.3,,,8.0,,1012.0,
2023-11-07,26.8,23.5,31.0,1.4,,,8.9,,1011.6,
2023-11-08,26.2,24.0,30.2,11.0,,,8.0,,1011.4,
2023-11-09,26.2,23.9,30.4,6.2,,,8.6,,1011.8,
2023-11-10,26.3,23.8,30.8,2.5,,,7.6,,1012.5,
2023-11-11,27.1,24.3,32.0,6.7,,,7.9,,1012.1,
2023-11-12,27.5,24.5,30.6,0.0,,,7.9,,1012.2,
2023-11-13,27.0,22.7,31.6,0.0,,,9.1,,1011.5,
2023-11-14,27.0,24.1,31.0,0.0,,,8.0,,1011.1,
2023-11-15,26.9,23.4,31.4,1.4,,,9.2,,1011.2,
2023-11-16,27.0,23.7,31.0,0.5,,,8.7,,1011.7,
2023-11-17,27.2,23.9,31.6,1.0,,,8.8,,1011.5,
2023-11-18,27.0,24.4,30.7,13.5,,,8.3,,1011.2,
2023-11-19,27.0,23.9,32.0,0.5,,,7.9,,1011.1,
2023-11-20,27.6,23.7,36.6,0.0,,,7.1,,1010.7,
2023-11-21,27.6,24.6,31.8,2.9,,,8.0,,1010.2,
2023-11-22,26.4,24.4,30.8,8.6,,,10.8,,1010.3,
2023-11-23,25.9,23.8,29.8,9.7,,,10.8,,1009.4,
2023-11-24,27.1,24.1,30.8,2.5,,,8.5,,1009.5,
2023-11-25,27.0,23.6,32.2,2.0,,,7.3,,1010.2,
2023-11-26,27.5,24.0,33.0,3.8,,,8.4,,1010.5,
2023-11-27,27.4,24.0,31.8,0.0,,,9.3,,1009.5,
2023-11-28,27.8,24.5,33.0,0.3,,,7.2,,1009.2,
2023-11-29,27.1,23.3,32.4,2.2,,,8.7,,1009.2,
2023-11-30,27.2,23.8,31.2,8.2,,,8.3,,1010.2,
2023-12-01,27.2,24.2,32.6,5.9,,,9.0,,1009.8,
2023-12-02,26.8,23.4,31.0,1.8,,,10.1,,1008.6,
2023-12-03,26.8,24.1,30.4,0.0,,,8.2,,1008.4,
2023-12-04,27.2,24.2,31.2,1.0,,,8.0,,1007.8,
2023-12-05,27.3,24.0,30.6,2.3,,,8.8,,1008.0,
2023-12-06,27.4,24.0,31.0,0.5,,,7.8,,1009.3,
2023-12-07,27.5,24.1,31.4,0.2,,,8.1,,1010.0,
2023-12-08,26.9,24.6,32.4,1.7,,,9.6,,1010.6,
2023-12-09,26.9,24.3,30.6,1.7,,,7.7,,1011.0,
2023-12-10,27.3,23.8,32.8,6.8,,,9.3,,1010.2,
2023-12-11,27.2,23.8,31.2,4.0,,,8.2,,1010.4,
2023-12-12,27.0,23.6,31.4,15.8,,,8.5,,1010.1,
2023-12-13,27.0,23.5,31.6,0.0,,,8.0,,1009.8,
2023-12-14,26.9,22.6,32.6,0.0,,,11.0,,1010.8,
2023-12-15,27.0,23.0,31.2,0.1,,,8.7,,1011.3,
2023-12-16,27.2,23.5,31.4,0.2,,,7.5,,1010.8,
2023-12-17,26.5,24.3,29.8,8.5,,,7.0,,1009.9,
2023-12-18,25.9,24.6,29.4,25.2,,,8.0,,1010.4,
2023-12-19,27.2,23.6,31.6,0.0,,,9.7,,1010.9,
2023-12-20,28.1,23.9,32.0,0.0,,,8.3,,1010.7,
2023-12-21,27.7,24.2,31.8,0.4,,,8.3,,1011.2,
2023-12-22,27.3,23.8,31.2,0.0,,,8.7,,1011.8,
2023-12-23,27.1,23.7,30.4,0.0,,,9.9,,1012.4,
2023-12-24,26.9,21.6,32.1,0.0,,,9.2,,1013.0,
2023-12-25,27.5,23.8,31.3,0.2,,,12.0,,1012.1,
2023-12-26,27.3,23.4,31.7,0.0,,,10.2,,1012.1,
2023-12-27,27.0,20.7,31.9,0.0,,,10.6,,1011.9,
2023-12-28,28.1,23.7,33.8,0.0,,,10.6,,1010.8,
2023-12-29,28.3,23.7,32.8,0.2,,,10.1,,1010.8,
2023-12-30,28.0,23.5,32.4,0.0,,,10.3,,1010.8,
2023-12-31,28.0,23.7,32.2,0.0,,,14.3,,1010.9,
2024-01-01,27.7,24.0,31.8,0.1,,,8.8,,1011.6,
2024-01-02,27.9,24.1,32.2,0.0,,,9.1,,1010.7,
2024-01-03,27.0,24.4,30.8,15.3,,,10.1,,1010.9,
2024-01-04,26.8,24.0,31.8,12.5,,,8.8,,1010.9,
2024-01-05,26.0,24.0,28.4,8.6,,,7.3,,1011.1,
2024-01-06,26.2,24.2,30.7,14.9,,,8.5,,1010.9,
2024-01-07,26.6,23.6,30.4,11.9,,,7.6,,1011.2,
2024-01-08,26.7,24.0,31.2,0.3,,,7.4,,1011.3,
2024-01-09,26.1,24.2,29.6,16.3,,,7.8,,1011.3,
2024-01-10,27.2,24.2,31.6,2.4,,,8.3,,1010.6,
2024-01-11,27.5,23.2,32.0,0.0,,,9.4,,1010.7,
2024-01-12,27.1,23.4,31.2,0.0,,,9.3,,1010.8,
2024-01-13,26.6,22.8,31.6,0.0,,,8.9,,1012.1,
2024-01-14,26.7,22.0,31.2,0.0,,,10.0,,1011.8,
2024-01-15,26.4,22.0,30.8,0.0,,,9.8,,1011.8,
2024-01-16,26.2,22.4,30.4,0.0,,,9.9,,1011.1,
2024-01-17,26.4,22.6,31.2,0.0,,,8.0,,1010.6,
2024-01-18,26.7,22.9,31.6,0.6,,,9.1,,1011.1,
2024-01-19,27.0,23.0,30.8,0.0,,,7.6,,1011.0,
2024-01-20,27.5,24.1,31.8,0.3,,,7.2,,1011.9,
2024-01-21,27.7,23.7,31.8,0.0,,,11.6,,1011.7,
2024-01-22,27.9,23.9,32.4,0.3,,,10.4,,1012.5,
2024-01-23,27.6,23.5,31.5,1.1,,,10.2,,1012.6,
2024-01-24,26.6,20.8,30.6,0.8,,,10.5,,1012.6,
2024-01-25,27.0,23.8,31.0,0.0,,,9.5,,1013.2,
2024-01-26,27.1,22.7,31.6,0.0,,,10.9,,1013.8,
2024-01-27,27.2,22.2,32.4,0.0,,,12.0,,1013.8,
2024-01-28,26.9,22.0,31.0,0.0,,,9.8,,1013.8,
2024-01-29,27.1,22.4,31.2,0.0,,,10.6,,1013.3,
2024-01-30,27.3,22.4,31.4,0.0,,,10.0,,1012.8,
2024-01-31,27.5,23.5,31.4,0.0,,,9.3,,1013.5,
2024-02-01,27.8,23.8,31.7,0.5,,,12.7,,1013.7,
2024-02-02,27.6,23.3,31.4,0.0,,,12.3,,1013.1,
2024-02-03,27.9,23.7,31.6,0.0,,,9.5,,1012.9,
2024-02-04,28.2,24.1,32.0,0.0,,,10.7,,1014.1,
2024-02-05,27.8,23.0,32.0,0.0,,,10.4,,1014.2,
2024-02-06,27.8,22.1,32.7,0.0,,,10.6,,1013.5,
2024-02-07,27.4,22.4,31.9,0.0,,,10.1,,1013.6,
2024-02-08,27.4,22.1,31.6,0.0,,,11.1,,1012.8,
2024-02-09,27.9,23.2,31.9,0.0,,,10.2,,1012.9,
2024-02-10,28.1,23.0,33.0,0.0,,,10.7,,1013.7,
2024-02-11,28.2,23.7,31.8,0.0,,,11.9,,1013.8,
2024-02-12,27.7,22.4,31.9,0.0,,,10.8,,1013.2,
2024-02-13,28.1,22.6,32.6,0.0,,,10.7,,1013.0,
2024-02-14,28.5,24.0,32.2,0.0,,,10.8,,1012.1,
2024-02-15,28.5,24.7,32.3,0.0,,,10.1,,1011.8,
2024-02-16,28.6,23.9,33.8,0.0,,,12.2,,1011.9,
2024-02-17,28.7,23.6,33.7,0.9,,,11.3,,1011.4,
2024-02-18,28.4,24.3,32.4,0.1,,,9.8,,1011.0,
2024-02-19,28.8,24.4,33.8,0.0,,,11.4,,1011.2,
2024-02-20,28.9,24.8,32.7,0.1,,,9.6,,1011.5,
2024-02-21,28.4,24.6,32.1,2.4,,,12.2,,1011.6,
2024-02-22,28.4,24.1,32.2,0.0,,,10.7,,1012.3,
2024-02-23,28.4,24.9,31.8,0.0,,,12.0,,1011.4,
2024-02-24,28.3,25.0,31.6,0.0,,,11.8,,1011.1,
2024-02-25,28.7,25.7,32.2,0.0,,,11.8,,1009.8,
2024-02-26,29.3,25.1,34.8,0.0,,,12.2,,1009.1,
2024-02-27,29.5,24.6,33.8,0.0,,,13.1,,1009.7,
2024-02-28,29.2,24.5,33.3,0.0,,,11.7,,1010.0,
2024-02-29,28.8,24.3,32.6,0.0,,,10.0,,1010.7,
2024-03-01,28.9,25.1,33.0,0.6,,,9.4,,1011.8,
2024-03-02,28.5,24.7,32.3,0.0,,,9.6,,1012.1,
2024-03-03,28.4,24.4,32.0,0.1,,,12.7,,1011.4,
2024-03-04,28.7,24.8,32.2,0.3,,,11.1,,1011.3,
2024-03-05,28.4,24.9,32.0,1.2,,,11.7,,1011.3,
2024-03-06,28.7,24.9,32.2,0.0,,,12.7,,1011.8,
2024-03-07,28.7,25.4,31.9,0.0,,,12.6,,1010.9,
2024-03-08,28.8,24.5,32.2,0.0,,,9.4,,1011.4,
2024-03-09,28.9,25.0,32.1,0.0,,,10.0,,1011.4,
2024-03-10,29.2,24.8,33.0,0.1,,,8.8,,1012.5,
2024-03-11,29.2,25.1,32.4,0.7,,,10.8,,1013.8,
2024-03-12,28.9,24.4,32.2,0.0,,,9.9,,1013.1,
2024-03-13,28.8,25.2,32.6,1.2,,,9.9,,1012.8,
2024-03-14,28.8,25.5,31.6,0.3,,,11.1,,1012.5,
2024-03-15,29.3,25.9,32.5,0.0,,,14.7,,1011.1,
2024-03-16,28.6,24.1,31.8,0.9,,,11.4,,1011.3,
2024-03-17,28.8,25.3,32.0,0.0,,,21.7,,1011.3,
2024-03-18,28.7,24.2,32.1,1.0,,,11.0,,1011.3,
2024-03-19,28.7,24.0,32.1,0.4,,,10.2,,1010.7,
2024-03-20,29.0,24.3,32.8,0.0,,,10.1,,1010.4,
2024-03-21,29.3,24.8,32.6,0.0,,,10.9,,1009.4,
2024-03-22,28.9,25.4,32.1,0.6,,,10.0,,1008.9,
2024-03-23,28.4,24.6,32.1,6.6,,,12.7,,1009.0,
2024-03-24,28.5,24.1,32.0,0.0,,,11.0,,1010.6,
2024-03-25,29.1,25.1,33.2,0.2,,,11.1,,1010.6,
2024-03-26,28.9,25.0,32.1,0.6,,,10.3,,1011.4,
2024-03-27,28.8,25.0,33.2,0.3,,,11.7,,1012.9,
2024-03-28,28.8,25.7,32.6,1.3,,,11.3,,1011.8,
2024-03-29,28.0,25.3,30.9,0.9,,,9.9,,1011.2,
2024-03-30,28.6,25.5,32.3,5.8,,,11.2,,1011.8,
2024-03-31,28.4,24.9,32.2,0.0,,,9.9,,1012.4,
2024-04-01,29.1,25.4,32.4,0.1,,,10.0,,1010.3,
2024-04-02,29.0,25.1,31.6,0.8,,,10.6,,1009.0,
2024-04-03,29.2,25.8,33.2,1.4,,,9.3,,1009.7,
2024-04-04,29.1,25.1,33.2,2.0,,,10.0,,1009.9,
2024-04-05,29.1,25.4,33.2,1.1,,,10.1,,1009.7,
2024-04-06,29.9,26.2,33.6,0.0,,,11.6,,1008.0,
2024-04-07,29.9,26.5,33.6,1.6,,,11.2,,1008.4,
2024-04-08,29.5,25.0,33.8,4.1,,,9.8,,1008.8,
2024-04-09,29.0,25.2,33.4,0.0,,,22.4,,1008.9,
2024-04-10,30.0,26.0,33.8,0.7,,,10.6,,1008.8,
2024-04-11,29.3,24.3,32.8,7.4,,,11.8,,1009.4,
2024-04-12,27.6,20.8,31.8,2.6,,,8.6,,1009.7,
2024-04-13,28.2,25.6,31.6,1.5,,,10.1,,1009.9,
2024-04-14,29.2,25.4,33.6,0.6,,,10.3,,1009.6,
2024-04-15,29.9,25.5,33.8,1.3,,,11.4,,1009.7,
2024-04-16,28.3,24.9,32.2,2.4,,,12.5,,1010.2,
2024-04-17,28.7,25.4,31.8,1.2,,,11.3,,1009.7,
2024-04-18,28.5,26.1,32.2,3.4,,,9.1,,1009.0,
2024-04-19,28.9,25.5,32.4,11.9,,,10.0,,1007.8,
2024-04-20,29.5,24.9,33.4,6.7,,,10.0,,1007.6,
2024-04-21,30.0,26.0,33.2,6.7,,,10.6,,1007.3,
2024-04-22,29.1,25.2,33.8,0.5,,,11.1,,1008.5,
2024-04-23,29.6,25.8,34.2,1.0,,,9.9,,1007.0,
2024-04-24,29.3,25.4,33.0,0.2,,,9.5,,1007.2,
2024-04-25,29.6,25.6,33.4,0.9,,,9.6,,1007.0,
2024-04-26,30.0,26.1,33.4,0.9,,,10.1,,1007.0,
2024-04-27,30.2,26.7,33.4,0.0,,,9.5,,1006.9,
2024-04-28,30.4,25.8,34.0,1.5,,,10.4,,1007.6,
2024-04-29,30.1,25.7,34.2,0.4,,,10.7,,1008.9,
2024-04-30,29.5,25.8,33.6,4.7,,,12.0,,1008.6,
2024-05-01,29.5,26.0,33.0,0.6,,,13.7,,1007.1,
2024-05-02,30.9,27.2,34.7,0.5,,,10.6,,1006.6,
2024-05-03,29.8,27.0,33.2,6.0,,,9.7,,1008.0,
2024-05-04,30.1,25.7,33.6,0.5,,,9.9,,1008.3,
2024-05-05,30.7,28.5,33.7,0.1,,,14.3,,1007.8,
2024-05-06,30.8,28.0,33.1,0.1,,,12.4,,1008.3,
2024-05-07,30.9,27.4,34.4,2.9,,,11.1,,1008.9,
2024-05-08,29.5,25.6,34.6,30.2,,,12.0,,1008.1,
2024-05-09,28.9,25.6,33.8,7.3,,,8.7,,1007.7,
2024-05-10,27.9,24.8,32.6,3.3,,,8.2,,1008.7,
2024-05-11,28.8,24.8,33.2,2.6,,,8.0,,1008.9,
2024-05-12,28.1,25.9,32.2,9.6,,,7.2,,1009.2,
2024-05-13,28.2,25.6,33.0,2.0,,,7.4,,1008.0,
2024-05-14,27.9,25.5,32.7,9.6,,,9.5,,1008.7,
2024-05-15,27.9,24.8,32.4,15.9,,,10.4,,1008.7,
2024-05-16,28.3,25.2,32.4,10.1,,,6.8,,1008.8,
2024-05-17,27.5,24.8,32.0,16.4,,,8.0,,1008.0,
2024-05-18,27.1,25.1,31.0,13.7,,,8.4,,1006.6,
2024-05-19,26.8,24.6,30.4,37.3,,,9.9,,1005.3,
2024-05-20,25.5,24.5,28.0,61.3,,,12.3,,1005.9,
2024-05-21,26.7,24.9,29.6,6.1,,,14.7,,1004.7,
2024-05-22,26.4,25.0,30.0,26.0,,,12.6,,1003.7,
2024-05-23,26.0,25.0,27.8,47.5,,,16.8,,1002.8,
2024-05-24,26.2,24.0,29.6,66.4,,,17.5,,1003.2,
2024-05-25,26.1,23.9,29.0,41.0,,,11.5,,1006.0,
2024-05-26,26.3,24.8,29.8,15.4,,,12.5,,1006.8,
2024-05-27,26.7,24.3,29.6,19.1,,,11.9,,1007.3,
2024-05-28,26.1,24.4,29.3,29.9,,,12.2,,1007.7,
2024-05-29,26.2,24.5,29.3,5.5,,,11.8,,1006.9,
2024-05-30,26.4,24.1,29.0,18.4,,,15.3,,1007.3,
2024-05-31,27.7,25.0,32.0,5.3,,,15.2,,1007.1,
2024-06-01,27.3,25.7,29.5,12.9,,,14.8,,1007.7,
2024-06-02,26.8,24.9,31.6,41.3,,,10.2,,1008.1,
2024-06-03,26.6,23.6,29.4,23.1,,,7.8,,1008.5,
2024-06-04,27.2,24.8,30.8,6.9,,,10.1,,1009.2,
2024-06-05,27.1,25.0,30.2,15.2,,,10.1,,1009.8,
2024-06-06,26.4,24.5,30.6,13.6,,,11.5,,1010.2,
2024-06-07,26.3,24.6,29.2,11.2,,,14.7,,1009.2,
2024-06-08,25.6,24.2,30.4,27.7,,,14.0,,1009.3,
2024-06-09,26.5,24.2,30.5,20.1,,,12.1,,1009.4,
2024-06-10,26.6,24.3,30.8,14.8,,,12.4,,1009.9,
2024-06-11,26.7,24.5,31.2,21.9,,,11.5,,1010.2,
2024-06-12,26.4,24.2,28.8,5.5,,,8.3,,1011.1,
2024-06-13,26.9,24.5,30.6,1.2,,,7.5,,1010.5,
2024-06-14,27.4,24.4,31.6,3.2,,,9.0,,1009.1,
2024-06-15,27.4,23.8,30.8,0.3,,,8.9,,1008.6,
2024-06-16,27.1,24.7,31.2,13.3,,,8.7,,1008.9,
2024-06-17,27.4,24.5,31.4,4.7,,,8.4,,1008.8,
2024-06-18,26.5,24.3,31.2,17.3,,,9.2,,1009.2,
2024-06-19,25.7,23.9,30.8,16.5,,,10.1,,1008.6,
2024-06-20,25.8,23.5,29.2,10.5,,,6.1,,1008.4,
2024-06-21,25.5,24.0,29.0,20.3,,,10.0,,1008.6,
2024-06-22,25.4,23.9,26.8,40.7,,,14.3,,1007.2,
2024-06-23,25.7,24.4,28.2,59.2,,,19.0,,1006.8,
2024-06-24,25.8,24.6,27.8,40.4,,,19.8,,1006.6,
2024-06-25,25.4,24.2,27.0,60.6,,,19.3,,1006.7,
2024-06-26,25.3,24.4,26.4,62.9,,,18.0,,1007.3,
2024-06-27,25.2,24.2,27.0,35.6,,,11.7,,1008.5,
2024-06-28,26.1,23.8,30.2,7.4,,,9.1,,1008.3,
2024-06-29,26.8,24.2,30.6,6.4,,,9.0,,1008.8,
2024-06-30,26.5,24.2,29.4,8.9,,,7.4,,1009.6,
2024-07-01,25.9,24.4,27.6,11.0,,,9.9,,1009.9,
2024-07-02,27.0,24.4,30.2,2.3,,,9.3,,1008.5,
2024-07-03,26.9,24.2,31.0,8.5,,,10.1,,1008.8,
2024-07-04,27.1,24.3,31.0,2.9,,,9.1,,1009.5,
2024-07-05,26.1,23.2,28.6,20.9,,,9.9,,1008.7,
2024-07-06,26.2,23.8,31.0,4.3,,,6.8,,1008.0,
2024-07-07,26.2,24.0,28.3,18.5,,,10.2,,1007.8,
2024-07-08,25.3,23.5,28.0,20.6,,,10.0,,1008.0,
2024-07-09,25.8,23.9,28.0,7.2,,,9.5,,1008.4,
2024-07-10,26.0,23.8,30.0,21.7,,,9.9,,1010.7,
2024-07-11,27.0,23.8,30.6,1.1,,,10.6,,1009.5,
2024-07-12,25.9,24.2,30.2,13.5,,,13.6,,1008.8,
2024-07-13,25.5,24.4,28.2,33.2,,,17.5,,1009.0,
2024-07-14,25.4,24.0,29.2,25.6,,,15.6,,1007.7,
2024-07-15,25.0,23.6,26.0,64.4,,,22.9,,1007.7,
2024-07-16,25.7,24.2,28.1,35.7,,,20.3,,1008.1,
2024-07-17,25.4,24.3,27.6,42.6,,,19.1,,1008.9,
2024-07-18,25.2,24.0,27.0,30.9,,,18.5,,1009.5,
2024-07-19,25.7,23.6,30.0,6.2,,,14.4,,1008.0,
2024-07-20,26.6,23.7,30.6,4.2,,,15.1,,1008.2,
2024-07-21,27.4,24.3,30.8,3.1,,,16.2,,1008.7,
2024-07-22,26.5,25.0,29.4,4.2,,,17.2,,1010.3,
2024-07-23,26.9,24.4,30.8,5.5,,,12.3,,1010.8,
2024-07-24,26.8,24.3,30.0,3.0,,,10.4,,1009.2,
2024-07-25,25.9,24.6,27.8,21.5,,,17.3,,1008.3,
2024-07-26,26.5,24.2,30.0,20.2,,,16.6,,1008.5,
2024-07-27,26.5,24.7,30.0,17.5,,,21.3,,1008.9,
2024-07-28,26.0,24.3,30.0,15.0,,,18.3,,1007.7,
2024-07-29,25.3,23.6,27.8,22.3,,,11.3,,1007.2,
2024-07-30,24.8,23.7,25.8,40.7,,,10.2,,1009.6,
2024-07-31,25.2,24.1,27.4,30.2,,,11.5,,1010.5,
2024-08-01,25.6,24.0,29.0,9.9,,,10.3,,1010.3,
2024-08-02,25.8,23.8,29.6,5.2,,,9.2,,1010.3,
2024-08-03,26.2,23.9,31.1,3.6,,,8.4,,1010.6,
2024-08-04,26.1,24.0,30.6,10.5,,,12.4,,1010.6,
2024-08-05,26.4,24.2,30.0,7.7,,,10.4,,1010.4,
2024-08-06,26.3,23.7,29.2,4.1,,,14.0,,1009.3,
2024-08-07,26.2,24.3,29.6,9.8,,,14.0,,1009.5,
2024-08-08,25.8,24.3,28.6,22.1,,,13.7,,1010.7,
2024-08-09,26.5,24.0,29.8,2.7,,,11.5,,1010.5,
2024-08-10,26.3,24.2,29.0,6.8,,,15.6,,1010.3,
2024-08-11,26.8,24.7,29.6,13.8,,,17.9,,1008.0,
2024-08-12,26.6,25.2,28.6,18.2,,,24.0,,1006.6,
2024-08-13,26.7,24.5,29.4,15.4,,,16.4,,1006.3,
2024-08-14,26.2,24.2,28.4,2.9,,,9.3,,1006.2,
2024-08-15,26.6,24.4,29.6,0.5,,,11.4,,1005.3,
2024-08-16,26.5,25.2,28.1,13.4,,,13.2,,1005.5,
2024-08-17,26.3,25.2,28.1,7.2,,,10.4,,1006.4,
2024-08-18,26.6,24.8,29.5,0.3,,,11.3,,1007.1,
2024-08-19,26.2,24.9,28.0,15.3,,,10.4,,1007.0,
2024-08-20,26.5,24.7,30.0,10.7,,,12.2,,1006.8,
2024-08-21,25.9,24.0,29.0,7.5,,,16.6,,1009.1,
2024-08-22,26.5,24.4,30.6,3.6,,,10.7,,1010.2,
2024-08-23,26.9,24.2,30.6,2.7,,,10.0,,1010.8,
2024-08-24,26.5,24.5,30.0,9.2,,,13.9,,1012.1,
2024-08-25,26.8,24.5,30.2,6.6,,,11.9,,1011.7,
2024-08-26,26.7,23.6,30.4,5.2,,,10.8,,1010.9,
2024-08-27,26.4,23.9,30.4,5.1,,,10.8,,1011.5,
2024-08-28,,,,,,,,,,
2024-08-29,,,,,,,,,,
2024-08-30,,,,,,,,,,
2024-08-31,,,,,,,,,,
2024-09-01,,,,,,,,,,
2024-09-02,,,,,,,,,,
2024-09-03,,,,,,,,,,
2024-09-04,26.8,,,,,,13.3,,1010.5,
2024-09-05,26.8,24.9,30.0,3.2,,,17.7,,1009.5,
2024-09-06,26.5,23.6,29.6,3.8,,,15.5,,1009.8,
2024-09-07,26.7,24.6,30.0,4.8,,,13.6,,1010.5,
2024-09-08,25.7,24.0,29.0,21.5,,,12.7,,1011.3,
2024-09-09,25.8,24.5,29.6,25.2,,,16.8,,1009.6,
2024-09-10,26.1,23.8,30.0,15.2,,,15.5,,1009.3,
2024-09-11,25.7,23.4,30.2,20.4,,,13.3,,1010.4,
2024-09-12,26.5,23.2,30.8,2.9,,,11.9,,1010.9,
2024-09-13,26.9,24.3,31.0,1.3,,,18.5,,1010.1,
2024-09-14,26.3,24.5,29.0,14.2,,,14.6,,1010.1,
2024-09-15,26.6,24.7,30.6,14.2,,,15.5,,1010.0,
2024-09-16,27.3,24.8,30.6,3.7,,,15.7,,1010.2,
2024-09-17,27.2,24.7,30.6,2.4,,,16.2,,1009.9,
2024-09-18,27.3,24.5,30.6,2.0,,,13.7,,1008.5,
2024-09-19,26.8,24.0,30.8,1.1,,,10.0,,1008.7,
2024-09-20,26.6,23.5,30.6,0.2,,,10.6,,1008.9,
2024-09-21,26.7,24.0,30.6,1.5,,,13.3,,1009.3,
2024-09-22,26.7,24.4,29.8,6.6,,,15.2,,1008.6,
2024-09-23,26.1,24.2,30.2,23.5,,,15.4,,1008.3,
2024-09-24,26.5,24.2,30.0,5.2,,,13.7,,1008.0,
2024-09-25,26.8,24.6,30.2,5.8,,,14.0,,1007.8,
2024-09-26,26.7,24.2,30.4,1.7,,,14.2,,1008.1,
2024-09-27,26.9,24.6,30.6,2.3,,,12.4,,1009.5,
2024-09-28,27.2,24.9,30.6,1.5,,,13.6,,1009.4,
2024-09-29,27.2,24.4,30.8,11.4,,,10.3,,1009.1,
2024-09-30,27.1,23.8,32.0,8.5,,,8.5,,1009.1,
2024-10-01,26.8,23.8,30.4,7.4,,,10.2,,1008.7,
2024-10-02,27.4,24.8,30.6,1.2,,,14.8,,1009.7,
2024-10-03,27.1,25.1,30.2,1.3,,,13.2,,1010.2,
2024-10-04,27.2,24.6,30.8,9.6,,,10.3,,1010.0,
2024-10-05,26.5,23.7,30.2,1.0,,,8.0,,1010.0,
2024-10-06,26.5,24.5,30.6,13.0,,,9.5,,1009.6,
2024-10-07,25.8,23.9,29.8,23.9,,,16.4,,1010.4,
2024-10-08,26.6,24.1,30.6,3.2,,,13.6,,1010.5,
2024-10-09,26.3,24.2,30.6,14.9,,,22.8,,1009.2,
2024-10-10,25.7,23.6,28.6,11.0,,,9.6,,1008.6,
2024-10-11,25.8,23.6,27.8,18.6,,,11.5,,1008.2,
2024-10-12,26.1,23.8,30.0,22.0,,,9.2,,1009.0,
2024-10-13,26.1,24.0,29.2,2.9,,,6.5,,1009.4,
2024-10-14,25.7,24.2,28.8,14.0,,,5.6,,1009.3,
2024-10-15,25.5,23.0,29.0,19.0,,,8.0,,1009.3,
2024-10-16,25.1,23.6,29.2,8.3,,,9.3,,1009.3,
2024-10-17,26.3,24.1,30.6,3.0,,,8.8,,1009.1,
2024-10-18,26.4,23.7,31.2,2.1,,,8.2,,1009.3,
2024-10-19,26.6,23.7,30.4,1.3,,,8.4,,1010.3,
2024-10-20,26.7,24.0,31.0,0.3,,,7.6,,1010.6,
2024-10-21,26.7,24.3,30.0,4.8,,,7.2,,1010.7,
2024-10-22,27.1,24.6,31.4,2.4,,,7.3,,1010.6,
2024-10-23,26.4,23.8,30.8,6.4,,,9.0,,1010.2,
2024-10-24,25.4,23.2,30.0,36.0,,,13.5,,1010.7,
2024-10-25,25.1,23.6,30.6,41.2,,,16.3,,1010.8,
2024-10-26,26.0,22.9,30.6,8.7,,,13.3,,1010.6,
2024-10-27,26.2,23.3,29.6,0.8,,,10.7,,1009.6,
2024-10-28,26.7,23.8,30.6,1.2,,,9.4,,1009.0,
2024-10-29,26.4,23.4,31.0,0.7,,,8.4,,1009.9,
2024-10-30,27.0,23.8,31.2,0.0,,,8.1,,1010.0,
2024-10-31,27.1,24.4,31.6,1.3,,,14.2,,1010.6,
2024-11-01,26.4,23.6,30.2,10.8,,,9.1,,1011.5,
2024-11-02,26.0,23.8,30.4,13.1,,,7.9,,1011.7,
2024-11-03,25.7,23.1,30.8,7.9,,,10.6,,1011.3,
2024-11-04,25.5,22.8,31.0,5.5,,,8.2,,1010.6,
2024-11-05,26.2,22.7,30.8,1.5,,,8.3,,1010.9,
2024-11-06,26.2,21.0,30.6,0.0,,,8.7,,1011.3,
2024-11-07,26.6,23.3,31.2,0.9,,,7.9,,1010.9,
2024-11-08,26.0,24.3,30.8,8.1,,,7.6,,1010.8,
2024-11-09,26.1,23.1,29.0,2.9,,,17.3,,1010.6,
2024-11-10,26.7,23.5,32.6,0.0,,,9.5,,1010.4,
2024-11-11,26.9,23.7,30.8,1.3,,,7.4,,1009.8,
2024-11-12,26.8,23.7,30.6,1.1,,,8.6,,1009.2,
2024-11-13,27.5,24.1,31.2,2.0,,,8.2,,1007.6,
2024-11-14,26.7,24.3,30.6,8.3,,,7.5,,1009.5,
2024-11-15,26.7,24.2,29.8,5.7,,,6.6,,1009.9,
2024-11-16,26.9,24.1,30.8,4.2,,,7.1,,1009.1,
2024-11-17,27.4,24.3,32.2,11.6,,,8.2,,1008.8,
2024-11-18,27.4,24.5,30.8,0.1,,,8.9,,1009.2,
2024-11-19,27.8,24.1,32.7,1.9,,,9.7,,1010.1,
2024-11-20,26.4,23.9,30.4,3.2,,,7.9,,1009.9,
2024-11-21,26.7,24.0,30.2,1.8,,,10.5,,1010.1,
2024-11-22,27.7,23.9,31.3,0.1,,,8.1,,1009.7,
2024-11-23,27.8,24.2,31.8,2.0,,,9.0,,1010.3,
2024-11-24,28.0,23.7,31.7,0.4,,,8.2,,1010.1,
2024-11-25,28.0,24.9,31.3,3.3,,,7.6,,1009.2,
2024-11-26,27.0,24.5,31.7,13.2,,,7.9,,1008.5,
2024-11-27,26.4,24.2,30.0,0.5,,,12.3,,1007.5,
2024-11-28,27.2,24.1,30.8,0.0,,,9.7,,1007.2,
2024-11-29,27.8,24.6,31.2,0.0,,,10.3,,1007.1,
2024-11-30,27.5,24.6,29.8,2.1,,,17.7,,1007.0,
2024-12-01,26.3,24.5,28.9,34.8,,,21.0,,1006.4,
2024-12-02,25.4,23.9,27.6,29.2,,,17.7,,1006.9,
2024-12-03,26.2,23.5,29.6,3.7,,,8.8,,1008.7,
2024-12-04,26.5,24.6,30.4,2.0,,,7.9,,1009.5,
2024-12-05,26.4,23.6,30.0,2.7,,,8.7,,1010.2,
2024-12-06,27.0,23.5,30.4,0.2,,,9.4,,1009.7,
2024-12-07,26.7,23.9,31.6,5.4,,,8.8,,1010.2,
2024-12-08,26.6,23.2,30.1,1.1,,,7.7,,1010.0,
2024-12-09,26.6,23.4,31.4,0.8,,,8.6,,1009.8,
2024-12-10,,,,,,,,,,
2024-12-11,,,,,,,,,,
2024-12-12,,,,,,,,,,
2024-12-13,,,,,,,,,,
2024-12-14,25.9,23.9,29.5,9.5,,,9.0,,1010.3,
2024-12-15,26.3,22.8,30.6,0.0,,,9.2,,1010.6,
2024-12-16,26.7,22.3,30.6,0.0,,,10.1,,1010.2,
2024-12-17,27.3,24.2,31.0,0.0,,,8.3,,1009.7,
2024-12-18,26.5,22.6,30.4,0.0,,,9.9,,1009.5,
2024-12-19,26.9,22.8,31.0,0.0,,,9.3,,1009.5,
2024-12-20,27.4,23.7,30.8,0.0,,,10.6,,1009.3,
2024-12-21,27.2,24.2,30.4,0.4,,,18.8,,1010.0,
2024-12-22,27.2,24.4,30.6,2.1,,,14.5,,1010.7,
2024-12-23,26.6,23.2,30.4,0.6,,,11.2,,1010.7,
2024-12-24,26.2,22.4,30.5,0.0,,,8.8,,1010.8,
2024-12-25,26.2,22.5,30.0,0.0,,,10.3,,1011.8,
2024-12-26,26.8,23.2,30.4,0.0,,,8.9,,1012.5,
2024-12-27,27.0,24.0,30.0,1.7,,,9.3,,1013.0,
2024-12-28,27.5,24.2,30.8,0.0,,,8.6,,1012.6,
2024-12-29,27.6,23.9,31.5,0.0,,,9.5,,1012.2,
2024-12-30,28.1,23.8,33.4,1.0,,,9.0,,1011.6,
2024-12-31,28.5,24.7,33.1,0.4,,,9.4,,1011.2,
